-- MariaDB dump 10.19  Distrib 10.4.32-MariaDB, for Linux (x86_64)
--
-- Host: localhost    Database: Workshop2
-- ------------------------------------------------------
-- Server version	10.4.32-MariaDB

/*!40101 SET @OLD_CHARACTER_SET_CLIENT=@@CHARACTER_SET_CLIENT */;
/*!40101 SET @OLD_CHARACTER_SET_RESULTS=@@CHARACTER_SET_RESULTS */;
/*!40101 SET @OLD_COLLATION_CONNECTION=@@COLLATION_CONNECTION */;
/*!40101 SET NAMES utf8mb4 */;
/*!40103 SET @OLD_TIME_ZONE=@@TIME_ZONE */;
/*!40103 SET TIME_ZONE='+00:00' */;
/*!40014 SET @OLD_UNIQUE_CHECKS=@@UNIQUE_CHECKS, UNIQUE_CHECKS=0 */;
/*!40014 SET @OLD_FOREIGN_KEY_CHECKS=@@FOREIGN_KEY_CHECKS, FOREIGN_KEY_CHECKS=0 */;
/*!40101 SET @OLD_SQL_MODE=@@SQL_MODE, SQL_MODE='NO_AUTO_VALUE_ON_ZERO' */;
/*!40111 SET @OLD_SQL_NOTES=@@SQL_NOTES, SQL_NOTES=0 */;

--
-- Table structure for table `Block`
--

DROP TABLE IF EXISTS `Block`;
/*!40101 SET @saved_cs_client     = @@character_set_client */;
/*!40101 SET character_set_client = utf8 */;
CREATE TABLE `Block` (
  `Block_ID` int(11) NOT NULL AUTO_INCREMENT,
  `Block_Name` varchar(10) NOT NULL,
  `Block_Gender` varchar(6) NOT NULL,
  `Number_Of_Floors` int(11) NOT NULL,
  `Staff_ID` int(11) NOT NULL,
  PRIMARY KEY (`Block_ID`),
  KEY `Staff_ID` (`Staff_ID`),
  CONSTRAINT `Block_ibfk_1` FOREIGN KEY (`Staff_ID`) REFERENCES `Hostel_Staff` (`Staff_ID`),
  CONSTRAINT `CONSTRAINT_1` CHECK (`Number_Of_Floors` between 1 and 9)
) ENGINE=InnoDB AUTO_INCREMENT=6 DEFAULT CHARSET=utf8mb4 COLLATE=utf8mb4_general_ci;
/*!40101 SET character_set_client = @saved_cs_client */;

--
-- Dumping data for table `Block`
--

LOCK TABLES `Block` WRITE;
/*!40000 ALTER TABLE `Block` DISABLE KEYS */;
INSERT INTO `Block` VALUES (1,'Lekiu','Female',9,1),(2,'Lekir','Female',9,2),(3,'Kasturi','Male',9,3),(4,'Jebat','Male',9,4),(5,'Tuah','Male',9,5);
/*!40000 ALTER TABLE `Block` ENABLE KEYS */;
UNLOCK TABLES;

--
-- Table structure for table `Complaint`
--

DROP TABLE IF EXISTS `Complaint`;
/*!40101 SET @saved_cs_client     = @@character_set_client */;
/*!40101 SET character_set_client = utf8 */;
CREATE TABLE `Complaint` (
  `Complaint_ID` int(11) NOT NULL AUTO_INCREMENT,
  `Complaint_Type` varchar(50) NOT NULL,
  `Complaint_Issue` varchar(50) NOT NULL,
  `Description` varchar(100) NOT NULL,
  `Image` blob DEFAULT NULL,
  `Date_Created` date NOT NULL,
  `Date_Resolved` date DEFAULT NULL,
  `Student_ID` int(11) NOT NULL,
  `Room_ID` int(11) NOT NULL,
  PRIMARY KEY (`Complaint_ID`),
  KEY `Student_ID` (`Student_ID`),
  KEY `Room_ID` (`Room_ID`),
  CONSTRAINT `Complaint_ibfk_1` FOREIGN KEY (`Student_ID`) REFERENCES `Student` (`Student_ID`),
  CONSTRAINT `Complaint_ibfk_2` FOREIGN KEY (`Room_ID`) REFERENCES `Room` (`Room_ID`)
) ENGINE=InnoDB AUTO_INCREMENT=71 DEFAULT CHARSET=utf8mb4 COLLATE=utf8mb4_general_ci;
/*!40101 SET character_set_client = @saved_cs_client */;

--
-- Dumping data for table `Complaint`
--

LOCK TABLES `Complaint` WRITE;
/*!40000 ALTER TABLE `Complaint` DISABLE KEYS */;
INSERT INTO `Complaint` VALUES (1,'Plumbing','Leaking tap in the bathroom','Water from sink keep coming out',NULL,'2024-12-01',NULL,3,3),(2,'Electrical','Power outage in the room','The power keeps tripping and we have no lights.',NULL,'2024-12-01',NULL,1,1),(3,'Security','Broken lock on main door','The door lock is broken, and it feels unsafe.',NULL,'2024-12-03',NULL,2,3),(4,'Plumbing','Clogged bathroom sink','The water drains very slowly from the sink.',NULL,'2024-12-04',NULL,3,3),(5,'Electrical','Flickering lights in the hallway','The hallway lights are not stable.',NULL,'2024-12-01',NULL,4,4),(6,'Plumbing','No hot water in the shower','The water heater seems to be broken.',NULL,'2024-12-05',NULL,5,4),(39,'Electrical','Flickering lights in the hallway 	','The hallway lights are not stable.',NULL,'2025-02-06',NULL,3,3),(40,'Plumbing','Clogged bathroom sink','The water drains very slowly from the sink',NULL,'2025-01-08',NULL,3,3),(65,'facility','furniture','broke chair','\0JFIF\0\0H\0H\0\0\0C\0	\Z!\Z\"$\"$\0C\0P\"\0\0\0\0\0\0\0\0\0\0\0\0\0\0\0\0\0\0\0\0\0\0\0\0\0\0\0\0\0\0\0JkRCHSlР.88lI%757Z_\n]z|צڹ**6Oz\'i24^\r\ZX-3d۫NLIȗ2+\ZK\0C6[NZdW[et	! Ui5hȄTP_#zU;:g1b=i<hњVSEyһV<S4gs\01֐D\"s0Xha7)l!+kB4!v-M/}gM󳶺9޼f3]AveRނӚ*z%<SZQsFg*=ѯEgߟ)q;Lk[39I!\0Y[Hs-f!!a$k )uG%Wy,7IibPJ9y[MrzRnWru..0|+n^.ˈYfCp`mi1ß-n[GCYc9ƤmNKz1T\'/AtueߋP.v&fr10kc\\޽\Z!p˹ɐ?{7siLWuZ_].:*`n	D-H`2BXJ)FWb<ݽ\ru=~6w|N-R@Y&̹ΝSV5M*3.͟8gu}#X>(j\nFf)nm1\'yxc7&c2T8c6+]5dʺe_:ˌ[\\쥞{&kZe-KΨl/Jts#c+͐tmOJrΪsɅ_A|w{@f! C\r$Vv	-SG=(n$BI*Sp\Z҅+plK$H)n|wW]\Z=ѳy掞dBMѪ	4</r0;o~ɩ\"`hd6qF\nM0`i,F&d#RNjFqVBVf̆HXAQytדˤף.LzXb6LVˬkɬY딂iƷi6N3+@hPe+z\" HDԐQf.`E5Wǥk1XhcVq)ƤmfA빗\\]:F]nnT>aM1lK~_Eϭŝ+UH`	-`Tܒ dRMg,H!U_7zG}1r{ls~_2\nk0he6.kJ2u߭|V=e+};L1%Ypv/5/}ar;HlE̱u\'j¬eC]em*([ol\\*a7SGnñkƢ59;xN_ugGq179~t9{,Ң儀@` A$܀fW$d?:ԭ}]3wy㷛UmnZ2&Iu])h/i]O#CF[Կ\n\'۪s:)ɻ,3zbtbb-&/0i\n5d@j@DgZ_6Ǣ>g=9gJ*-HV)/Eפ)hExot9[vf9 !tתOW30dI$\"(SbRNqm`H^?;}l<Nc\':+|郈54*!j홍0QYh6œΙ;u[ҒyovoD9]Lվ?1@sIUM9N;1afH\"%mS/<z<~lޙ80U&%Ջґ\nʩv94ͯj!N9tNci,7aq0qh)W3ϥHyY6ޜOCc6WL Sѥb\Z1z5ښf:Vp|]6z|SiDϯK׭Sc-m19ܼRV\ru=3%vʴ\\慕&iz\\y$2kj;x}>4[}z\\9\0CU9jc`d0Z9^^kTW|J8ch[h:s<ZiT!69&j*[[ku5Z_NOb)PX2S5۟ jAYZb2kC$My-nv϶ӣά`9ZS{	3uVؙI1ԪLdĹSjRkm2+2^fvӎ%2ul3觮z>KxgR0qxP^n)6rҹg[SS26TE\"7UM#u>y]nos-2J^#3:qjLfՄU*c1yzjl=tu9]n|ĴĒ	j|kƜyo|H9$5\\i-cUH! sWCNKJѡx_m{4ݡ(U9@7XJjUw<e\\MբwSXja|gjA.|NǕ3Y<5=+(I%nT[2;ru\n0 @`3Z9ӧk<&*$ȒBC$ip1iԅVqZW\r:7nu8xjy2v<W@l}<G`jE-F.\\-l/JD.L\r2\0!}GUHJԚCD*LZՌVme,6u\0Vp{<LQu4z[/]B9 dA 1\r9-5-$C!$ >m;}龛޺ƃMwbì\\$TEtDt.M%^DÑ(;U\0\\9O\\Tgҳ呞9+9[¬y5 (ҔIH$5 V\"9^+sSG;U$$HIdDnLR9_Iŕ]zK-f<)fl{\rZ.O#g#kWaF[Tyav=zX箕41JHb$\Z TeEt\\a+`;\nǆ|sAo 瑀eQ$I%	(Z\07^kJ7\n!LYTc=ֳy\0WCw3MwhoNꏎ^ЈH|BPq2uͱ*jdvf+[3$0B\0j\rB%d%H \"̩m7yIڶ 5!1m6C$_ZޯZ2f0گKJRұm\0.KJ/jeGHl	٢+VȚT\"/Vp	*+6U}\0.\0\0\0\0\0\0! 013\"#2A$4CDB\0\0;p0qX+X5iLl\Zj\0\0Zsbdʅ&fgz{.RX<kP-F-F\'MS\\7JO7F>W>AQٷǙ5SQ\\9SNLokɲ4D~|hWBQX,b,^{׽N_}Eū\Z͊XߑnF^P\0=ʦQ;dtF)[#nSTJUun,{أxP\'\n%Y0!a|WdnmYfśMY\\+o\'DoPygъɭTp57&S+*BX\n/j4ƦاT5L Aޣ~R7\07%+`m-X˃V\rZlZmZmZmZaiNֵi5b뵳<\"T?\'JR\\WepQ \Z\\{)UE;UOrNp #OW\n7ۙĆ-9vPC2&61ɰStȜA \'&6O.J{jSoxAQ2zQjf%̋xB9MY	mټshBfɝ,V\0	yӗ/.ѼUHݫ_hɮsK]t!M44ذXZEiQSkl֣V۞o{t\'J^qk`ѩ%5+q\0=VS}q\"(I$]Eӯn벧|&Y+xx:>.8V%bV.XYO_\"ȾEy޲rG{Y,֢Bֆ2SlVV*R9=5H[&NLkiF1?@2\'Զv\0T>NANj$GTN\rt^);X-ŤŢŢŤ(k*d@\nN|1TLtkSnF`_{+&U	F./nޣGO3igF`*T&:ZbGDyr##)وMY#fN^dpQF|lGw+I3k\\J]^%<)NQ}z0yGYH`9D٣G+MW.EDf@]B.*쥝4\"Sb%SӐbɅSb|/OX=j-@Z\ZXcZktiO$F#k9K+;(s3-]*hT$\r9ɑYb:wZ6Azc};-6#ei1i1i5>+X[Nh`[\"D[*U&Wd\0jfhZZZزjsC! 4靊	\"SǑm{̅%ExO&`Bs&Jv2e:_qoo9jLX^cT{d~n1smd.z`bRGx\'T_f}z}n~NFǕ~RflLBY5q.4[()ɹi313#(/s<NN\Z`,B6NhSªkST_fmү|eY98G<%*Ez~NR1%$B2T)遱5/t1jdcKvCt##\rhQNR*u@T/oDvZqʯ\"ENY,JhִkV5\ZbͪIekJ%OJªD(tm\nG&fj$hQ%^(\ZTTGmHq26]l	b0jT5JX=b,dV<2dY@XcZؤk1j*tKp=ʧeDX1諪ʽ$	\ZZb7NEn{9zۃ\0TN:C_;t,\\mu=E-qs;{LLC^#/+P*1ctm2F$TYU(k沶o )O^A9Skyt|cpY(d}4x2}UmVbaZI4F\ZUQ@1zդ_*_z+V6%jGӔ/RpP6m\'nQ8WNȅUF+jM*p@`2U7-B%jƵcZYd)~/NnߥU=WSJ`:/Nm;uCZ\046=+*hny^;>~SoVh\Z|QQNGLkդW>_L1Zk+S*։f¯TQN*g1`iu#8ze#M\n6VVCTtdyy=ʈ]]i$kQTx㐧+uoi)M*:[ԍRUӵ~dέ͂\Z\02}kܝ!*\rT1\0*ccd{%h@(ۻqtdGay?	;d2TLuoOJۯNLDޚYbnaxWB\Z%\"rʙi|We*PPZ,ɫnhz/NYut|Sœq,ͳB:EU;,9TFԺlKUZ5Չ:VNo3Aoaw\0K[#ylVVF`\r.Lc\r;!FܹʙչQ0L>Zʸ?vYLxKEMia\"TDKCS=MK Gn	%~0m-qvM!&^w*ީiN*	U\rO7@X?\"5Dt4*|*~[-,efQr=((m\ngݑT<9WeHx1wքޗWQ4L|x,wh+tMSC%uacvR7`\"re\ZWe:.gPj\'_9k;SGܞ~V*ޡakwLjlV)6<{\Z݈M\ZXV(GB3a)D0bEjA37p]z??!EH;hĴ\"Z,Z\rZqC\rNXw)j$]=ܿt`?i5KHִ\'Fбj!ݨ;6\\F\'(\n>IG9\"G+Yb\0*x6z1|eV8Bfk3j=2i/kZ5$ӗhǹC0ۅYqmɎą@!tbV<.7Q*^LxŧCrO\Z\Z>k7$NsuܗdrąveZhB`UO.<  =T\0+SkUp;6fi\0W$7Z-	hh,N-\nÁ\0݊bjbbMa\"eLmү]7-D&jd/?G/Qm~%VGTFRrw䵅(^cdeeeeeeenD({sӕ! c^ǅT285\rVӛ*P<-㱹\"7,Z;iFdrGHƼ>%U#txӃua94\"Y\0lɎpj?ԾJo*PF\"^~\'p-:/Ӎ_ғzEAzb񻀿ݔ#{+pp\rTTj_\'q*U[;6g,M	>\nЉIZ\rnTβg*2:~Dk^%4 K9Rx+ 7ݖVVVVeen@>++\"\0{ԊUAG9(+Fsfq:NM,U06wTvJe fYJ^ص\nZ5։AӐ8qYT^RhRv\0j|<^ѩr/Sڻ\0NM<@@*n[5(ӕa_NcTTEӢH2(ׁ	bYY=B>Gp*-* ߋïb\rüSfŴKE]7 ޝOv)ȪgcVKBiRA&\rW{S=Zc2{j؛P,YʋE{EFS_b4MRw\n)\0J]T!αm\0eU=N㇬?dPAIrUA*֎\r%[^ť((Wh+,ZZX-hԒ3<خ\n}ɩp?Ԃf)DN{qr#fk~E\'@>_Te>%*ƹ̚\'@,ɏqZ_4MA<c(OδGUL9\'bpMD38ot7MQLL@_?cJ0DQ~#_hΘOίPZ-iZ:4SI\Z	L9vES1آY<8>:?y_LM{Q<D)\ZCl7~<+B5դ\\XLZu&ί2)S-IS͖[jk9C0*?Jchb٘b/8D\ZOLgRݩ]l׼kh]ϥ\Z3f	?Z-5j\nM~\nK욮Ld͋\\EnLH\Z\Zyr-W-`_\nƲT^zm]&2l6Tzb\'ܭK\n0ħVZr\":w~Y^Y,U !Y\nt!*Fh_,Su<n,Tѓ\0s9|\nUfXk8lBcp4ߍN\Z4h}	-_YT,Z-W($kW&y,j,v\r:gz0{}#n3nG`bшǅ~<+ZhIS+P!iHZuz9rGevzҭbVD\"xef#t>^?K!ByOIӟnC@F8֌JX\0$\0\0\0\0\0\0\0\0\01!0 @AQ\"B\0?$fi~N?FW@FMhpkJCcw.&jqrPLZ\"nļ$z0[dU!7.5oOwBFp$]!Krq6`ɲ7e.5~v24A^eHLɚ`HD2;#DqI.(N_(ȫcDp2|iѻ*%q-#vK4n+b##dIFUq4FiE-!\rwU+%?\'ijqD-,DT-#Uo.9i,DC:>7գ%}$KwƼ5$w;uw$kf]IτEO⒤4hꈈ۞\\ѣ\"|:X%̳GXcGUI>x=	URo$J7~xDX<z9-T97\\r\0%\0\0\0\0\0\0\0\0\01 !0@AQ2Paq\0?Jƫ[Е$У%|_\"\\m)!|o[ՐO*W^]!EctF#tqFTqȯ\0!/7\Z8xؕ?\0^PcBтFCVk|!/Hǽ,j0$g\Z(\"IubƏmV\"Gz?{ֵQX$7EtG#+>4=#![Gy1IgchC֊(q܈eZKǍ~hq:O;<jK{!%Y%!,<#ĸ>w!άG܇ްOU̇A8\'<k|0O\ZQ-˦#	cЭ|p_ZOuQZQ[k7\0?\0	\0\0\0\0!0123 AQaq\"Bbr#4RC@$sc\0\0?\'jr\"ݱ\0*Qo)8T*~Uh\Z/u{rj\r2av~!\nAŸBţ{d\0wnDܪ\\BӴ#W,Qr%T఍`匬^:qU[XUݻavI[\rl9{1MPmxDOYf;^`9bf4O]+a\Z,*x2QhŁUYWAbW+h\'۫D*,*֡rp\n/\rVt\" \0b8&#.vv4B,!a+:ݪȏn;Xܣe;kaT\0䩻jF5: ܫ:Xv#׸UcCf9*UOQT0K)3m+U)^ŷSj\nb餼\0an\rCyڪx/V[jpxLEbǒ!xܸ53TI3<MIphh2;Lުw,Of9f1ڱ38QeV,.obd\rIS:YL3Y֠E|r*rc</oIa0M鱉XV%bX|B\n:/u{갍VܲVY,g+X]轓b?fGz{)k5ClrP3Ԋ_1xrfD~W4ZWpPy͔8iY0u;(U\ZnDpj\\a\nUcrt1m/sYB(*+DG[R3x(E(c\'n;gSYcg2bTc x(*\nRrDܸ^r@xw*B{)J1%e?deJh{*V55NRe\n 	rl\0Wg)95KE6\n%|*FKYu~Wz0pNp&\r*U,MVsϒݫ[U\0E :7;!Qc@	vr.\nqIU|SfK/M<Ĭ\ra\Z,\ra\nUSގWUڢi:pYjPyc4W{Aa/B/V?EsU?JbuX۪5M\\gM\\qd9]KP\'*\\&ES?[l\ZF4X[Z:*ϨoW]5>jUVyTx:ޠU/yAXUJ7UP\ZX7cxY/urLI׮KسoMUa3UU!rZ\Z&A}{w6]\'U1^)=谿ET5U=ؓēe$8EoM(o*Su|9NDܨ6D\0(ޅP\r\"`ѳ-,,Xܲ,j[%@WWUcV6걷Uj/f:̞$&VB0lNIGAr^͗&O@P]MOfŭpXF@<B\rtk2Sfj\\=Vc{V&hUx}V_rvگX5XZbރF\nFI@a8\nONO¤I7Eu<ЍF,	h\0?aM2mhp%E9BhǒDH<j;d\0?hF,MҝW(x^LNi7Y?*۰,tf\"aP۹5JQerJ\\o3@(jEMꀕ=JrWEUʐCTV*mXgv<Ll<	of*=9Ga.7^9Y3f-+YGU\0DM4x%bXV&\Zc&9ٻ\0&ZB.gRc߽@M(@p(In=,`G\Z.XBt gڱ{4P/^,j-k\\9=eP\nQsl<kVk5U=CQ&T\0J %/O]-;	16\\\0gxl*f^G`2Sj$5B2Jm.$8ΕH*}d>KB3e	78+ڢի;˔ܠUYWNlQ`>;f@!apٿdn\rBM΢x~3wbblkYme^⪕Yҋ46}[Y\0E)ڮiWcuWC`v<ӝE{B\0 &	ValDy͓XWҳn5QF_هZ\n4Q,\\Bi4U8Uʩbv>T6nDm[UMW}EcY,h@<lTB{\\؋׳J؍7P+ϚEģl	I3V￑ڔ	L\'5\\,@*P\r8L6\rOv\"avLQ6&zNd6rjπXدWIz_=DʔDvY^5ڇB..!ܑW+[w\"\'ɝ\"\0{=扞NOXn,+We{=r!Zݗ;v阷--a>o$5^2!l&*}a*>92YhYRp@Pgr$/CS{ݥcuNg15W;~qWz14`gcLA>7إ6GfH\'\Z#I\0(:V6j	_3(A5>`d),ͣe9Rz]\0{XFW+>eOz=>b7~{W޲YR,N¼1`	ƭv-vG!bqGcWnnۺG|J$S_.m wxgJH9Ұ?\Zϕ_,\0,؄wg\rಾBʔYrb+دwiX\nxaB\00B\'<\\?nShwl=:`YhM7 M9bȀV[4srp\'l~#hޖ2{\r`S[X),Ȩ5򃣕R;XҮ:޲]QR*EcnEg*uNҟ*ۏfz&AepskxG1e3E(P>U{k4`W]\'܋h.tLj¯#ȬmYX̧P2NGl%+ƫ\'Qa\"A&ci_O鵄hgjn\0^\ZM⪖Z#YUг\0ƱȟOYLzs𫐔YRUrjUu頛ěyF@򟠴gI~z#$~m6SI٢n?Cy6q*jE,5@	Ne?UORܲz=ʹjixDڟwϤjN4ʎ>kI/+λc\"ѝY<DvSi%,:{tfAEEʩia/J,Z)32G̬Bɔaj\'m^9ݤ	&Q^{qTfH0niZt&i1̛IcXD*3՛MWIVS;rz{taUv賙UC]|atG%^}Ki)7F=^gԱ?*StX͖Z]U_Jh*]ਖl_Yr}dsDʕJP}c+F\rm\nJ ).i+Lh8ILڔqIy(jcLGySe{%_z8v,>$#\'WIzV=J;GުH;d?P%=s^c((ySG)ɔBoTvi)Ѷr2pU&5YIQ\0Tz3QQ毂e%h;)wCǛB̓?BD겛૑Xeбեff3^5Rc&R2w]I=L`UOi\0jje3E\'A	uUJJ5T5lR2[R}8F;a{rrCJ\nfj>v2u\ZXPR}Oѽ\n`m$%oJF\n\"	8YMUpiBJs~UJI_:Y?zȔY2(9CMlUAQAFNf3bnRm8\Z%܅Z3/NؕwSIB1Qhۢn\0[V9N򪖕L{0b*iQ*޳hYbgj\0_\'YmY?zwpRptio#\n	_E+ګlb\n{JZYgr41qRbSWlu?QhߔH\0Ս`n)&\n\rĿ\0)\0\0\0\0\0\0\0!1AQaq 0@\0\0?!\nt!M,31\rA\"4ambC,jcd@ɡ=2$UR3,YCK+G_Σvt4PU~\'.Nq:{iʡPA\r|_>ҥHCG(h,\Z݌g{	^{EF,ôI`٧d`\'M\"vyqB[2=zHq]cU\nԭЧ!|`6ОIe	:\n_~CGJRS\0i&lbYwFϨuȥU3JBI܈MFr\'	wr_\"SV;`0^E3v	M\\z$ZNJ	U\0\ZĥdMiYI\\փQRa\re&4OA@]\'C7Kt-d,}ɚȾQl\Z\'hlzPvqvG.p4ΦW~#ыz\0q- 8΃%E_$Q˜mѸyd$(,1VmzhNfj|otѐl	dE<\'M)L^޸ӻ/#--3#	z( I-v3F,m4nlчY\'&oQVZ_PE\"?}\"rڍd\"\'|d\"\r;8I^ML\\nmjȓXJ%Ui\Z\0LKAkZ`]#|#ғ{a1[	EUc\ZmkDn*Lړ<gRj7ЧAZꆫ(H1ҭ=ĥRR5\"U\n	L7FjYHԬATbYSYM4QtBY\\]]E%,\02dUz+;5ޔA4z)bB4rr(T9V\"߱!XF-(E\n׻P1X9ca+5$Ko$[	ь݅њǩ\":v\ZpأuChI.N27$Gnh5\'MjS\\XԚU(AWDģ\"\ZITk\'E83e>Me$d\0*\nJ IC\ZX=Pyby\'ABN\rPqDBdWCUŖ&kmT\Z_KH\0	}_A-Udd}4z:j6j[?}NpGSȊh&bgN=B\"t[\"QdW&\0KRGD.	bX69\nge5rRG3DՑSSD%:)61ؚ2;,H}4E9>!,c_.^\0,2b\0X!cK\nlMY/9rޣEZL\nJʑ !(ЦCwDL]s5oUg<	JpN\".oDړ@{<P)1:%BlޣނS$6jSx8x7UBoJU}Vhd؜_2<t)*{Uؿ`C\"ܨXʎw4qHHcc%al_\0E{4BQ-dF\nЧ1>Ql\'p\n4d|QQFJkThSU+KjdDZ+>_ceϓY=C]Ĥ1p:1N6<VaO|nqȫ!cdbQsNHɭʩ4Ze/U({abNn6܊uHS*SՖRǰRͩBYg3nl|36U\nu!U4nr*ˆ&:uj*:XiJH(m*NFUfCiLl\0Z{`֭=P]^h,ՉK65I!3j6$Ud$>B8ՈٙǔJ`aM֕3 -T׸Cw!dزWwJQj/~C#]c	l@ti6,K*\Z8CcW\nlރXNςP4Rh\"]	dW#6A9l)e9BDބ \rU8<͋[PYИ=x&\Z~ThXE߹A%(J\r?2\0!X1ƆpD3҄\"n؆5UkYE>D٨c,,\'J|cj)3vYdϩ?XO!v#^43<xo@̊륣<td`R\r#|Vq]ijK2b[S4X!oek%Sl\'v6#naBRXKBDQbe>42)\"nJA<g|U5@3MV3SyՕqT*OH٧a[dj~ǩ$Ghc]엩$KК[]$}BE: 1CC$1`\'F(ٹ=1dFZ8Z(F\\@n5ǓX.LHJ$/L.pEJKwt2Q^ɪ7؆Y&Z_e~cqۏ)9\\U#S\\\'rJ0\n<3UņT	Cr*	g7.<5l9..dZHoJh@TT[A,eGS/J3X5\',g&Џ%zL?3ݰ߮;!CYI\Zk4lcO~~о>&콢?\'߳Y0ʚG\ZLSj_QruaR\nkvC=Rfơ\\lNؖo6MՉSQpRG섨gHO5	XET0Rʱen\ZU\rK,夃$U1JlR(&~\0QZ%qFHR)4I%Kԣ/X!58+P7i4Wȯ5)Q4G%ڹ>fcoah_,!s%XTy4*9j9	KPblg ,#l^(זʆbH̱\rJU)zM-!p<\'Ote|P֋&{c-&aAF)&2q%HCDQď&n|*g@־R;\rÇ[^ra>sfWa+C8X6;j޻yU΂W*N-*B$2$**hlK7E2BA!	uЊ\"\0bB#}A	aZT\'7]\"9C\'ߵH~)?%!/	E5Mg:ݩ-Vr-2I\"Ӽ?oBqcnH^+YWw΢VVT%MՒBRʮ\nUfrEJB2&:\rD\0PݓЅW7ѓd5Y`;N\n%Phoؗ{&B.x5\n87ȡ[yTwO2i$xH;3V(_58r^Fk dP랆5zCAzT\'/\ZAYJ.R*$fAz0G	TX\"4\'UEeH͗P!f%SZ:KiBR/VDoEJȄd	fʬ4\r@juI:CMLH{BFڝHEG7tR]aLq[Dltte9jMR2p)h?t	=%qpjY+b\Z7!4!dM&CT\ZEJ#u%\nd\"qI:f࠻-Q\rb((AeHxyXmR)Jn=H(rإ	$BJY\"܅q;I-}ٓІ{1FőO!Ln:0\0Fk7@9y55oW?@RFt:ŝ_C֣\"}a_dz3(FEb3 xJ[2EQr\ne]h/qa+\03w \".>v	c/RuaUfW?@A0Ih47!CzTGL$ȑDql\"^Ab44A%6NX+d@cN|\"T)JHd_CJQazJTƈqGlCIog7[zO&dl2tiVR\n<#mޚ\'}F@n\rSEHR IBQ7긷\nUzCi(%v\ZG{L32TsJkбljN\"7%aﰏ#	7?I<Ӱ<2Tn4,Z\rcc&Rzء6&.*dFk9{]!< ر[V(({F=	OT	A툛Y\rLƟBH5TDz=TF<2+BɠSTSΙDES$Axw*+=*p8ȇ=ڔ$cd.+nDF*.T|Q٤!:$\n\r]i\'95WVDDu_D\n%U7aA_eJZ=Г2Bj&hِ;\rʝ+DyPEqH$)Bm 3WS1D&MOѸN)2:a	\rnIh/gdGPIH@nHeKQ+/,3 \n%ՑMD@2+(8+Ċܐ\nH	ۏQ4q/\\9RD+ЖEoЧX}RNO{tCvE../0ݐ#\njgJ_P+1k&U:\\MPL$)͌i-*%6%A@c\r.FJŦ	%[<ʨB٪=˃ !\\zE_tUq$$o<\0e	{N~ehWVFJ,ɓœװ%&a$+Yy%_QxIC*nJHi1}+8%@\\KщI\"\rY3!\"YhE(\'\nF2E4C>\'TbNl_\nV1hTHN\rpk\'\"R$qI3b.ܗ0\"HG$<(:1!\n{23)nd@AN*BPk\nk׻숢q̂@\Z&#lfEflV%Q|Ije%BiGЕ[\rIv\'e1P>~<KV52 P]S,$F[{@,\'؉ءT,\'K5e}J%	*TjuK3%=$kJP>4\r	5+#,CϜhhhH+doq܉q)-2aSH {jYAۮ<ԉmm3VQȤ\\SQإgbqRT5&#e!\r2*f.aO&TK#R2Vx5)J܍	.zWl@F U.NhdA$DMdz2\\81l\r\rF	=5\rI)B+EZ@вQ-C[\r꽉K>y!L1\"^ŤSlU-|ZT+ԑ&KWC dK29\n@1V-	l\0_hJF27lZoW6C Q#̯$>bf\ZL\"`YDx&NDTDIjq\'lʟ A\n݈-HX,D	\rl,A0m\n/r:+eCiJXܐbLJ\\JL꩔!uHlD.Dϵg*\';\n)>N3\rC/@3A4Ml-,\ZAi\r	D8#<^vaEW@HUF<i=U.5z!Yb{HX\\j0YD/!`ނ#)dn7](W\"$uU;(x!y2ri0\0Θ`&How\Z$کMȱ%<jL8Q9ۛ+1(y\"ՒC\n 3KOr-MMkITR_/aI$Cʜ$\\6,-n46?wrI=BTȊ`ZkGAj[1@\ZAoʬ?.8^D\Z24r\r	25\nDI!\"hg|DП?7Q;AvHGiS	5s|!$$TֺM2Ru\r.\rW6!aL22lZEGl#8jX4=B,\"r0ƦJO[Hy&J\\Uv9<D(*FKWLɟf(Dq;kK:K[QX<>GU21K\nTpHDV:B\'r3\0C)^m*\nx[A50\r!~c/$W]\0oq<j;#xQ\nGm;+ <\'#-\0\'YPV1-Ž01\\amGM$Fvcqcd/ {1z/|/?+M4볡g틲_Fm\\q>&S!f(#\n7 K\".[kzKkUАLP)sjZnr#e\r\'nz3/a8`%\01^\")}Tn>ƄA!*Xu15w.ػ>TjrQ\\J#*J9z_˖\nH\"s:x\"pyə9WwH4Pһ=z>GY8uPɝLr_L2oCb`N}e\"FD׸sc\0\n	54fNӈRF,UI3xӋ\Z\"Az\"`nht	4S$,\'dǒ\0B^g!Z*nΝw,E2\0nz?B\'#t<}-\nE~wPԢfD(g{[Y{+3s&;C/>9q+GbƶVN\':*`^oFbkqjQja(8\"d!VD<,X1!2ق6/q-R$P\\.FR{,T<9ZԁX\'Nunɶ#v\0-wҁNx\n!!lOb,ѼW1NV+1lMBc^A:T-2)M,2ɕ;wBš	\ZfJUdXBx/WSP;A&;ʌ߱q(Q:GN2OjU)Q+\"LC=jE$s\'BmX¤1&Dw J N:_ń+rx1(ݒZ2C>\0L~y?}YZ&CR%M/NA\nS#BUnKX^v!*4CjOjIIhOޟϰ [?\rB\"y #_@7dPKNТ\'p]KfFWrSVJ\ZZFE_/C3#eb~vu\Z(ڄڔ)4JBSВX\"}ESsDR6]XB\r$PXd8+A2SHC!yNo_O\rV\0\rk+5AȄ9}`4Gw7\Z,:XOAhTrbIq&m$mg-,23w2Mq5T	l5+9=\'a\n¸d!U\n~{=`Ɩn5wEPRie?\0\0\0\0\0\0Y[r%)o0ί}.M59% ]`5nu\rL>J ([Ooe\0j\\FG/Y\ZeI$0*	י0ўF\r]GuU<dj\rQ{3q*9G̊zis/<SJ\"b7QЮٕ5{\r̓=f#9_Dg\nm7YZn PΙ02O4	=S^.*c\nv]n]Q\"2\\ZUqIV,R[/12*+?%9Y7;^\\}K ́YWkz9^9?ˊK18JCW߃H꺽9Wnr+<泩kP΀>26,9761>~;׃ȫcF6U=6P9rgt?N7SO?]bhORx=Zߤx\07,OԹNJRS;ƥ|d~\"zT	sFqH=Fc3\"*GMQv]<>ȈPͼQm\"CRL]g%ab1Ube6g&pHf,|ϑhC&n<cx=sb7br.\rhih(΀h\\nAea4m\0!\0\0\0\0\0\0\0\0! 1A0aQq@\0?++6;!o/pAkcib\"EC\\RTx,BE\n:T\'B_CvġPڮb1-동zEfq[S,ArluXնa62I7%?O5 VhO%I>)R;cTvm#4!G\Z4<\Zǈ&ؕx!(Jm04%>ǡ$v%\rϟ@5+Ljb\Zm\r%U4>Sf&ZZ+\0ƈB!7!8^`.QR1t-c\Z!i=jy\Z!VF#\\ gm!?H|.7T(?ؕ\nJp]ؤ*\\!	(unpnauBzlHk͑)폄_E!thc-#҄B	\"\ZIF؟A$H(}Q19bW`!?q.^Tcv?5ce\0PиHN|_x\\TГ5Kgq4^d\rhnա\'Wf\Z\Z){7d3e:er\\WgB^\"IO[#rr.4Th5vI(\'yn(&?fO5qVR⢣X+	_8M\0J\0eee)JR\0 \0\0\0\0\0\0\0\0!1 A0Qaq\0?wQ8VQn*^	FBA\r$9_G\r\n\r4{XG\r\"iྡྷJ6R\0H(5ba#e-\r  ;[YKR/u2zLIb[\"m_fEOkd(uVQm\0̓VϢX_:4Rж6_үǘƈ~i$IMp$	_viC^g壢($8\Z(mڝψgiJjkiGh#5224\'5+0H\0D&m>z\rBIk}8ïC?pQ=)D5;$![j/7!bb)JR4}CuT.R\'~\ZG)!Ltz</ģl.b$\\E.pѣGBQFMeU[)DVy*\r]\Zx؟\r~!X8#wt$A3	F\"\r,#	hq^FP\Z\"	#脬x\0G$%g-\ZgQx!?\'I(k\r\0F֏/nJ2HBJRe\Z@ލBz{DR4EBI<9f>`x}-cjy&]*4haę\Zؖf(>lhlv<H)J\'PO\Zs^(^eǺzS˄UxLЄ4dD>??&R2┢dMechv\\+7\rTE#\n91	mLk+(sBѣF\n\0&\0\0\0\0\0\0!1AQaq\0\0?\r2\r5BOR}$ޥԢU`4\nRV6Gl\ZK\rՎb)}HK	˃g<؁dG⯿vS\n\0JŃ^Lzgw/0rhB{ܤfYgq%6A^\";\"_^ETzx0?L-~A\r3_(#cn\0-X0mW\\:L%n=ce%	AANSxoȍe8sK*#Cp(4fN+2´\r\0>gFaԀq`[\ry&x 1!(g\"U.w\r& 836QN7\ZY}PSqt0m3,!6\"w3\".:Bql\n\n$ц(8\"ALqs?X\0JR}&\'`2Q\0CT7+p҇s9^P\nlI}\0_=mEmg,~_\0a?\0lq0#,\0F/?Shr)k+eo~9e1y.\'uK]\'? ]Ʃ%GPQIߙy%tL]7)- afRB؜bX%ЫzjqJq0q\0Ģu/BC翉zb<J̻AP5Q^Mf3Nfv\rn\0*2~Qɟw^=Hf]\\^i􏜶?0z:`d$O5rU]{ʬNelWehoǵ `0@pvͻ ErL)(;^mKY+\"th,?edIENܼw\0!\n[=0h62GZ\"VsxIzA^+v\0YE\'u}&{j7}든Z0>xDin\n;Csy>	QRr\0[qڏ!\rp8?k8|&,RzAMWPfJR>3/P͓c0߰SrWb_-<#&8`f]jZ8`\0DXUCHNY#p1wSn !j\0RP}\rڧ}bi>2sr%u-gxVR\0T;Nz\\@.=sX23.CΠ\0D\\S\n_,Ix)o˵e>,|΀f;j\0k9ur>bCD^	-be%\neӅQ)p\rL@qQ@kyafF1Lc3&uMlîтBzUn1=\0R;.qKXt刽zuk$LM\n\rm=&ӓ4S}ڽ\\fQ\Z9׺}-\0W6G*>[GOH(mɏLhvnV5Kf\0rV{KGosqR_)`QKJJi.2[YkP骘kQ	VSM,2}qxD[q.zE^LCEɨ\rqxFjmxqCbVmP\r[c\Z)CЈX{\rE	--qd:6h\"s\0=?`,ǟIg9xC:n\"[IKkFFZX)BK*+H[?i6=`AfxΖ;ͳ\0k!~>|\'\0LD>wT\\)\\xJkIW/x qV*$ P,xiemw̮(]&C{XdkѨK~T|@Du]wN\"x̲mgqiP0t\rnn;7#<(<\0pS0%_eU]b+*,NHvQ(%m(d=M/X!:$ی9Q>=_cjLExq\0Bl{Ź%-3z7܌ؾeC_0N;e߸U	^|$l>Jv˽J}~&נ~1/P%,IS\0vZǘΥoI:=ad&xHe.b2601w\n]?9ߴztHJ)zGam\0x2YU`2V6T(D	Ev\0ֻK?bT uz+j3%_C\';:\Z7B]<_*>#_X\0a8ycn_&K0Fzp%\0V#|GDnW[{}koc俐3GppMĎE%WHs;Z-\rX؆Gab*pܶN	O6am>~6gAƨ}H?k?Z^UZ6%	{8\0!ʯRWPO=\'xSO\0Dw#GJYU+9Xf\"xG\rsN\\J_Prcg,*ʈ,9 aFt%N`X\0F~/-+2tNIhљT \'ͼaoJ|zg.te^L/tjE8JXaᵹ/\Z3&BTq-T4|@F	,ϣ/by~2?h.\"Z$U*>^~b\nK\nGA\n\0?emO\rp}2}]mO,у#b@,u}7d4i A@qm:Gv.[#kuRpXYX;fPᐗ$E(&4s\0@3JbWDGbyw@wMa?a`c.7]F\"`12-Tb&1lfX=r6GTp\\N?yݒ꾡^3+&/f.\0]*ʲN><BbXZCC7sy@y[>庁ϴPVhlUն>#c@Feg%CU3\")(vx=\"n}P\0jxmJ\Z#Ḵ+:?*F-H¨P=uZXGruJh0jM&aY+ա\0@oŀ,9\0`i\n\"`u2֡Fo:%-̮߉z<.F^q\\\rw&\\n2?c> fXp͌+ rFZI*ĨDS` 0BE1@W]C/\0fAy[ \0ttÍ\r7Z<\"8\0M\rK\0eU^\r\r^e*2\n`FJMz1Wפ~ikƧ}<GtMr>bsn	*\0D*V$OiK|\'b_b,?Hu)VT,K3O\0]i΃8rw(88ĴmEBNīt|1=w,8D%7)2:`2gBdiݩCbn`p?aU->SkjP0]wD|A\01[+z_An\rH3\0m+Cȍ3ǈh\rh]sk#WipQxv..,~J`>FvEh\0ScZiǯV?\r5,/6W/5+{B\ZJ֥Bon\0zIN`n53؎+<ͥZ>\"\0%O(	@(Jw`Th.7xm*_&$qB/\'y8W؎QJaT_w?#߱R6}Q)3//K@EW?ؑ;E^2?V>/ ٌ.P\Zj^tzxLĪ:~4aqo=;fY	[v6YlEnya\nMcvyej,~v;Ĩ<g>w=b׳0y%Je9Nћg;<S(J2gf!H0)ĺ/°Bh&쉪)|C+qU1˝OTvcT]\'CQ{\npr#woMK\0[D,\"=N}]|wȚD7PQzBq-E.A1i9E݊!CRz*qG~&v9mX8ң@efވ!!^h#*կm@rf_)\\+A$m0W\ZZZ:2\0վ%lg1P6ʃA\ZDs?Sf!fN#\Z9aeժNfN778s/7\0!B*\'uBiSJ6vwX;JN0w7aa{C7-coA+ȺZ@ng農[4BRq*tܭ}K<;k@gvy:{m569_l-像\0u~Jb @KkyIArk@\nx,kl}mԺ%c\0}\"[9tA]._Լ:]X8>\ryr֙3&=t>QgXAXP˧A`(ei%g\r/Z@y+\0]4u2nPl7JN0MSaC@c$}Ph~%Zt@`b%E\0z46}׼V\rtg%\Zl\0|Bڵ`i\'l0b_ΰϧ\ZY<B+=#2gP2 hsϘDD0U,%20tj(\nu>aK5p}b^Li1w,P_S~\Z#$ ƿr %-a]%\n榅JCϺeJJIj.JV;ٿb\0p>g!2#L\Z4>x/C*KJw0=\'b12lO? !Ef#h61Q\"E/65Q]r[w̪uk6U;R3;\0!#\"ߓſt`9ZW:N\Z*tc/:ur@zⲑo)b̡j\0r*\Zi-WK,h^(ﬡ0hqd7XCa{@坯/OO%H*\',Y!/Xí=OSPp.q~w4/]Ja$G틿[;@8yvw\0NW$dp_--!ZfH^\'\nH@lQU<$X\'/	݋9/z/raSR*ֹz@,÷Ƹ\0\"PEkep.k\'\\}&5!І!XW%]BQLp\n[̼\n90YmPϼ*\r&n ?\rY4,4`sOJf:x\ZE\rk3Rmt-kK\'S\n\n.5*-kTǼ}^:-wzazK(VEd y\\<%Vb4d.ӠCZsp0o\'z%aG=*Tt\\ZjKu}âyM$5F([i W:/v#,9zG[nJ@2v3N<K-#\\;}(:2e!AE\Z3\"p4[gj`:C.ۈx\'~\Z=l(7n͏hl+m,+\\5E#!uZQűN&IvVw3JEt#PyTPʋ%|M5Rs.^7BT\0h0t䌐?Њ^D\"%\"R 5;jUY`Ta\0\ZMnb%!.Ct9KOV)@+lĪ@S][Z+tإ3_BU0^o\0?D4>~F\0.`Gra(g;2P뛾\\ʣGrgs	u:-@SPͲlAt-$K`8cx\0%]X\ro\04>[~DP+rX̰\"ٗٝ[]{08^DLbr,.^)\"Ȼ/VEk60uTEt%\"{̋w^525˨KZLJGc7?*n\\(%ּЯH(VvΣw!pF#j8^}nv_=%\0T6=K.}̾:KjC%J `VU[16Ln{R+܆=`y*)Bбif>YW㘶GcFabnfZX\\lR5-=	f|Gw7X\nj꣠Lg5\Z\05`7^CB%ْ4X)Cb\nVט`jWE\"_Xԟ59d\\џ_uhJfxgohi~%Og\nZ<QWC\Z6\0A8	f\n/D-˯5F/I#\0\n5#F#Ⴥeg2<fdR@D}D\r7b*a(A0y/ϼcjB(շS?Ҿ&N/+Pâ{OJs:r@GD6k6wBKM*݆H3mGKL\',OUkKa2AͩhREWUC0Lv	6.\'h7q+c\\\n23̢Mx?`՘:և%\n(Ƣ*ͮ9S׼\ZQ8ۙ1d1P4f=fMnjx BMŰ8utbQ1ZMk8b=`bFzq:Iw4ψ<}g=n<*\\$2-ڸü@h	4E\'8\n%1O-[ͻ<TtRܾdBœl{7lg6W`4\"\0-NB8R\\9_HngN7CXmҬ5Q@XUeڇߠg,:-px c_RVrn\Z<9ief8X11W챨FpI,Aj\nq*7=\"RuLԲV8eӊ[>t\\ML^نK\\ّ݈ꖏEiNK>Iy+:dU%@%j$,s%\nf9za1iym[ťJ c]˛XD׬z\' FX%\n\"(:)!Uzeo3k!7XSE\0G^ކ֛Cy]%\nsw)`\n(u_}~QQҫ!2Ѫ^D/<Y~>\"DMsQW5\rKezE+L\\j26foq/S%E[P5e2=;#R.6!m`i;īSE&\n]1z%QH|Dǉ7p\"앞ѕlѯ!9Ăpȫ_ZՉmuٮ%rEy5	2ٗQ2Ɋ|C*ȐƬ^~\rgmB0Ye|Ѣ\"w1YlM	Oވ!vh?b8a2FvɪL9AB2_\Z(c{Ay#!q׼|5mQ5wJxkR,T^Y Ԯa2[zØupe9ˊG))2Fj*,jKm^ç6gwbvc1u(֬dy;xpۡ곶\0@З=˜ԭ$A͂TUSnVՌMtBH{8k@33:3<	v<B7TpcUb8Nx|]ШQV`3l_L2\"@58]0k܈c$T}~BO$V&&=2V1JLbBVvGpwWebKhۓS)jۈV/$P?eP;@Q.^\nF=4ڑ)@9UfJWDI!NS݀$p@U#in%zR0x4h8k!2AnQ#KA3yHKC]BhrG\0Q捞㼿>qE72]\0o,(=s{0z-`]t+f%fm/mㄏ+UQ0/aApXx8pAECu{qDa,	hP\\Y0tSezfRe_bPk=`Z{VQDa/\"<\\Dą4-V]X\r!6˱.ǟQ?Єΰ$cU|18+V3z10R?\"J#RnWX`tֈmbPX\'?\"c\ZS,;̢a~YNQWz5J\Z[f8zWTL^\r\0Zӎ%\nzǂP/\nrF*/w1\rK$+abue3лQI_ҵzĻD-\rg!UKKS)b*\nfwXWGcu{C`@c/qģlh \ZLNc*>Agjoe]a2|\0dL*_lC>8p/?68zʓ[FTAKM?bωej,u^etذ\njRYYkz@spZ`/1[*TV4#u12^]I:q:ڞ}Tc.\nna-N.58PʸHg#Xڢ*]JIS@D_P0@\n5(8fC Z(Pn{p7U[Mĺt[٩[ye\rˣ* A)%1AF	#Ƣ{`ݡr&WJZEɆX2YR \0Z:G`\0U~);qQ\"ЖS!80fR.qq\Z|EeW%˯ʺ`\r\"m{Sg$BոZ9l:j` b8PPS1h}%7*Rȼa*xu-ksRjD=IGQ(ge䴷.\\\0]X]7Q-ĥ2A`T\ZdԗL0-ԡ5q\0乫+BZlp-,ǡ2SV-&|r:>`]TAW/v~sS,yGdb}\\&k=c*Yª})]`^1	az>{Fko[beB#(	_6|rnDAFa5Wt~:ջUdACЭpQan\r%;j+TEg֥r+@vNK<dkpE|w3*h\n葰:q\0D#{\0r(>ψqt0ܪ, L;\049Լֳ;~q((<MEL-x`\ZY+[q-O@YOȖF4Kǰʅ.k\0i%@	\nxTn7m/MՎG̩e+;x7_19B)/Pl\n3\r0.)B3	E0hF\n69Bbד!DX08c3^!Uj8/ ׎U,A&\Zo1h=YD[\"2+j傻*yEXhr!+&%qsj}nqdWCkru(fXo\\+HX1-Gޠ>\rC!W`x^ҥ極)JYGj1 \\GzLaLW#}H0en.btxN@sGB҂;EŁ@8SarK &9B)\"ebZ\0ŚЕڻYa7曬\0	`F/uB+veMB,oG0@٤-WhOSQj؉.~6)\\GL%\"O֟p8qsg|]рcIBGqz_-:,fsOq4KO;(s\\VDzP})@K%Gr(\'RJ	qiZZa0928bFiAt)\rVPb#a\"Tle+tt_)sSm_N,3wzzukxh2m^ơ!Z]w#NEAlRWar_?P69`ӑqph0r	+`??rGvuJ3ꥑJ/|aRԵ6L5?b?w=~W\n>7\nqyCGg:3Xta\r^mW׼~#LB\"<?M@m\ZZW!M]N^1(mz\\Qݖ/AY_^g9&zH%DWIbx<E0O9m%\06Gw\'**o-j#n;т00̀AV3BSq=:DV#\n%X]\Z_eMu	*&qR%_Lu3\"xe\0_)qCnP;;Qx`ޫ(;ƮىGO5@l\0A;MJPx\\c	vR)l%f%{ƠoCıV V^i`\0	2ż8;@]A\nu&a໚\\@_@R\Zhɯ`.5\Zv~T2㖁W q3nΠ8t.[B4\':.UDag3I 3iP\\]UOE(e~FkQ04ǺzcK2\0}Cڦ{JLS_\\&{ϒ`*}_hwMWU0h􇯈Y/UB GH<\r82IttJ]XC3!grε-b@g./)6.rT:UqƋ=\Z\'.).G^)6]&f/m8k1ang\r2>5]	Cw̧-\r3gy\n)oulV-x!Q1HB-(x&3Y8=e~ZUxn\r/&l\\eXW%T\n5ٍ=-P̯-S.h[:8q㯨:R!|*^BE@Z\r҈:*6\nܙax*rfd\"	i3yGݢh\reBumxIag[Ol6T\rA?\n\0[2׉`m߬Q2ݗJ=`,\rܬԬ\"\Z3#\0\rac(\\㘏n2KHjfQXGK۶p`*opD+X+\\m]P e\\ц@՘OT<49:[U\Z{cLr/~ +8u\rrϖ,B3-?΋(}\nc90a`.qa@o\Z\";hrB\0>dV\ZYUU`qgAO=X\'?h*=)</.`/+A/CvZys)y6-ӈA9o/{0w\"EEu\09|C@(Gck;Rs\0+YJ]qTorQGm2+WpQB/^9UecZ\nQH5a!\\&X	V{_-qX/@\r=`h 2t7\0;$\n[c%YUhXD*Wyq^\"EwCIn>\nVz&/V͖s[!akcą^j( o(=\n_/ypf큐Kz:w9-xh]L8!*Ǥ^#ԨVkԌv4h^\"l} qrU);w\rkZ 8{2>\"RqAruxƐj3gh\ZW>@zfݦMK0d(8%zu?\0lt4om݆cubKE+v^fCe\r͝O@\\~@ab^*}u13QL5ŗJ[To0.\r7hC+O3&%9r!\r@\01PRd&4t@D,OKgȖ,{̑Fbu\0	[lpkNx<bgs=,\ZEh9J,-DkMRW=nׂJDo+bB=Ώ-!\"GwĉR{],@UsaC̿;vqP+0Lp\Zo3}cd\\gD7M<s+^D&ҿRYj\0\0J	(f\\0\r0b?TW!SX3O#d.}\\;ӂҥ\\2Q%+\0-\n\"YOqbw*;f@+2JBX\0h8~hSgcQX\rE$SZ39h\\cؔE^!`W.à_2`xF[Bu1P.@abU&fAq1ݾbrf/hN#!4yTB,.\"Ǳ*~\n\rY*UGS5QY\r6َ0\0}B|ywb(K(/YX*`3~8.lM2J;؈|Ѝ,,]\0M%1ܪ\\e\0&RkH7&+%JWG]GgiPښɕ$7@4L\\0*)Pⵈ\"drG8\0Bs*M13gsuDy̕qqy%WK\\<	K1RMZ]cXY5菇qqԌPؑU%3\0LVDs\0	\\tCqAxRY}C	Q,2^B}G>\\\0Yf,\"\05E\\ 8Z\ZBaWi|O#X\0b}i?>j;~kW/FGd!{AP_q(TSY1<ErL%:Ye7(Y븨38A0+5L\0f0snCumԳn\\V[eu.\r&Ohwp5*J^Ne9e`aT[m11T+7\r|@6Y\Z4^.ۘEskj\Zjc]\'1[_toVo3ơPAKԷ	SffUVLN4`Gi\\iCn5JW\rJ啖7gj*loY+0@Pd}2^jyh\Z 6+q]A,$֌Kc\0DU|5qbo(PpVS_,%lҕS\nZjplAeN!|h,:-@be퇩ĩtˤAP[Y wD5\0ihZP&3^gb1\Zuھ*BJʫn1\\Ju\0r7RԶj͉H)Nw#fQ_#wjZܣ0Z>a\'LJÆ\rLĢ73l\0}eUlP:üɋt9Ύ2w̧Rf#|2r\\<G*Czf:D\0~\r\'Aoy\0ݰW\Z$\r\0O>̫5nbkQ!ޥ;`#«V)S3qޯ0kYԬ,[\Zl5GX3V\\7K3S;9cC%+e[d+&GB&`-)Ege-CP\rP`(	\n:l:+8m:\0`c\\z7\0g/g+b<!\"jK7|ԼR+7eG\nC k?V߫\n#OP?z?.XB^	DFљMX\\ae!^kkKxH89K34U9Ikj<P|K\\zŬ+\Zv?Ț2ĨKtԵqN׸P G^vmxX\\q16lYieUzE*ј50Cb61hb3ͽ!տ`\0ez%2ak`.|qf]g\\LD|_#LT\0S@<jbk*(xj]rߦRæRU9xl` .N.ܵ8>\Zr(ޡ#)?Կ6o@ywX-ͼGuCWYqEJ_=%\0x\\#{tyf#)n=<C\\.&5n sqj?3.NMX|K0UOq5gF`u3J!d|㼻5VL6@i%-̝Pg~&IQb9.] uK[YiP#J_QSW@Ew*}*@Mϙ\0h%K~$/NPtɳ}Bt͇*/(\0k>A]|?rסc	AfJ?4T\rȇc̗rfClu.c\nյ\09&r&oZȤ9YkY#Qj\'sq04TxȰQЙT!yMsXg3JZFg81@uP+p\n%sx\0$NQSy\ryMqNk>_C d1\Zq,츱WF]bY/\ZGZZcQzuV9캧	\08z	\ZeV\'\020;J)n\0t\Z|0G_4j\Z\ZY\0d? ge[F8?LQ\n (KJzc>@E?d?&Npc?2q?e	_7zJPZU~	3\\s\rhÒ	x-мV\0g`S\0,w.Bt-}пm<ëS3HbZvEs?X>h:ąB`\r-ΥǃNFl+u !5:Ggx=`K&`k@e%%luMطbg4m?%','2025-01-18',NULL,1,1),(66,'internet','no-connection','connected wifi but no internet','\0C\0\n\n\n		\n\Z%\Z# , #&\')*)-0-(0%()(\0C\n\n\n\n(\Z\Z((((((((((((((((((((((((((((((((((((((((((((((((((\08\"\0\0\0\0\0\0\0\0\0\0\0\0\0	\0^\0\n\0!1AQT\"SUaq267#Brs358RVtuC$%4Wb&cd\0\Z\0\0\0\0\0\0\0\0\0\0\0\0\0\00\0\0\0\0\0QR!1A2\"q4a#3B\0\0\0?\0\0\0\0\0\0\0\0\0\0\0\0\0\0\0\0\0\0\0\0\0\0\0\0\0\0\0\0\0\0\0\0\0\0\0\0\0\0\0\0\0\0\0\0\0\0\0\0\0\0\0\0\0\0\0\0\0\0\0\0\0\0\0\0\0\0\0\0\0\0\0\0\0\0\0\0\0\0\0\0\0\0\0\0\0\0\0\0\0\0\0\0\0\0\0\0\0\0\0\0\0\0\0\0\0\0\0\0\0\0\0\0\0\0\0\0\0\0\0\0\0\0\0\0\0\0\0\0\0\0\0\0\0\0\0\0\0\0\0\0\0\0\0\0\0\0\0\0\0\0\0\0\0\0\0\0\0\0\0\0\0\0\0\0\0\0\0\0\0\0\0\0\0\0\0\0\0\0\0\0\0\0\0\0\0\0\0\0\0\0\0\0\0\0\0\0\0\0\0\0\0\0\0\0\0\0\0\0\0\0\0\0\0\0\0\0\0\0\0\0\0\0\0\0\0\0\0\0\0\0\0\0\0\0\0\0\0\0\0\0\0\0\0\0\0\0\0\0\0\0\0\0\0\0\0\0\0\0\0xC=[\0zN7-$pFkv${~Rp7@xvzJJq\Z\0<Xp;[Xf4ӕ4sNhS~jOe\0J<w]Ot)ew/+n\ZT\"5\'%T]]6\0\0\0\0\0\0\0\0\0\0\0\0\0\0eN{ŭ9v;N/+7eI+kMv;N/+7e%n1q;o/qA:W\nRNO.Oܶ۠Fyh;CVRF}5Z=,V̞yҌ\0\0\0\0\0\0\0\04[Aqߢ2Z9-|mwf-%+<Ӈ4+uyMෞ\\.|tcSQ{}A}@P[M4Mya8/R1%}۫z	97^eȯGqrJSqkn,X>\'SJ?`SxV;F*;n5 M%ޥ\0ȓL⧜XU-ﮩ[Go3wC;mOFiEyW\0,qRKzXu/fX_.h]!v\\oinR..4*%S\r/fPS䒯t#\'\'=}}xig|OCpS#v+NwkJ!jq9-E,D-W-{ۿm9wCLSIЧ+V*trsl׋Z#k;eNN߱{rKmPpS\ZKYp&nnP֩q~h?~W/7M\0?U__\0MFʽJus<)G{M9.\'jTwЧcגQJI\'G$vy[Og1:s%ѴQJV4#mJ1}|ۤvcxab3XbZdkP[R7]i&K\Zy>:mg\'&OۿvxÆnyp~5߻}\Z\0\0\0\0\0\0\0\0\0\0\0\0\0\0\0\0\0\0\0\0\0\0\0\0\0\0\0\0\0\0\0\0\0\0\0\0\0\0\0\0\0\0\0\0\0\0\0\0\0\0\0\0\0\0\0\0\0\0\0\0\0\0\0\0\0\0\0\0\0\0\0\0\0\0\0\0\0\0\0\0\0\0\0\0\0\0\0\0Vd,mbqsV)Rj)}_g<6MNvU^ҫOwm.._{{KJJڵG\'F5b\06ɒ߆f>&9>)E}\0\03୩>k]ͬowM6HE%8[eyԘ,KpcsRm.N-K~x|_qI5egZGMPKkg9\'ꛛVBy+I\'IMӶ\0Xp\0\0\0\0\0\0\0\0\0\0\0\0\0|p4GkBӼ-jjIKfԷ[C\ZvQԫS:S%ѦmOLu2QQa+m%kP}z~xIsO\'}p?(ZQJ\0&/їr|wI-t\rO\0vKO\08ya\0d\0^Kj(ק:uipvd4}6gS\0;%\'\0`_+arZO#K#;z(I(qj-\0<)4W\0\0\0\0\0\0\0y[IOe:wcq|aV??\05\'>J_CUSWPGK:nj\Z-(\'AH8UGCh<:\n{mN}=	$KzLfZzI5\"xi<s\\0<u%V]W݄zխ[WU(N2oӲ:5NbⓅH:v[4ru3\';bѭNoMrKpNJh<(r7;KtL)B6\'EI9?*k$?EW8ֹÓo.Uh9>UGe3Q#4Cof\0f4CN_4%m9F5ry	4K俾_7\0\0V!_\n54&ڽKy9TV\\ao\0\0k/er.kεV.U%&UM$8,px~g*Y+{YT(_՜[5Q4ڦ\0{\0\Zg\0/jjHu\0I\0UCi~\0 +\0\0\0\0\0\0\0\0\0\0\0\0\0\0\0\0\0\0\0\0\0\0\0\0\0\0\0\0\0\0\0\0\0\0\0\0\0\0\0\0\0\0\0\0\0\0\0\0\0\0\0\0\0\0\0\0\0\0\0\0\0\0\0\0\0\0\0\0\0\0\0\0\0\0\0\0\0\0\0\0\0\0\0\0\0\0\0kt+Vw/}]mu[s($Tҗv#*yJ⵵)ӭFn*K`u\ZǆH^NkwEtJ38:Gwp_WR{:ҤJ֩-БƸ8ܴbU.5vK򄢟mO]C9V򣎣&(9ߧxG3\0[^JĪrBh悓ktWi*xA:#.zZeϒM~n4!2Y{̍(Wj\\sՋ3{-owƬڦ75.rXgmyoqJ*9.kۣncV斺oVS/\0\0\0\0\0\0\0\0\0\0\0\0:kTrJI|\Z$gqO	/?L$[uen]>(\0\0\0\0\0\0\0\0\0E[+VpFqNK2M?#}!xsVޥ}P:qJ^%s.I4Og7S-jHj\"Temss%BM5J)B[1{><(:[-zomuWSJQ|M^>9CNg^J6Ѝx>y.Tԥ۷H\0SsZOCŦx{V<^^h$K}J\0\"5>\'Wq2+o:a\Zi>1\0*a>^j$`I>ܨ\0+\\ƿy,}^#q^NWzr)Ekt٤2\0ƻӺ-2>#J(Q}JҌ]\Z[|=֘xV}J\\somѧ! \0\0\0\0\0\0\0\0\0\0\0\0\0\0\0\0\0\0\0\0\0\0\0\0\0\0\0\0\0\0\0\0\0\0\0\0\0\0\0\0\0\0\0\0\0\0\0\0\0\0\0\0\0\0\0\0\0\0\0\0\0\0\0\0\0\0\0\0\0\0\0\0\0\0\0\0\0\0\0\0\0\0\0\0\0\0\0\0\0\0\0\0Gj|fpW28Iykf,w/9Uvqm)m?<^~n線2??m\\c8Iy[4	>y=9R¤\'%vckSf.=u}ۑMe*F)ץ;zzP~^vm6č?	j%~!ےm\\f-j{\0\0\0\0\0\0\0\0\0\0\0\0\0\0\0\0\0\0\0\0\0\0\0\0\0\0\0\0\0\0\0\0\0\0\0\0\0\0\0\0\0\0\0\0\0\0\0\0\0\0\0\0\0\0\0\0\0\0\0\0\0\0\0\0\0\0\0\0\0\0\0\0\0\0\0\0\0\0\0\0\0\0\0\0\0\0\0\0\0\0\0\0\0\0\0\0\0\0\0\0\0\0\0\0\0\0\0\0\0\0\0\0\0\0\0\0\0\0\0\0\0\0\0\0\0\0\0\0\0\0\0\0\0\0\0\0\0\0\0\0\0\0\0\0\0\0\0\0\0\0\0\0\0\0\0\0\0\0\0\0\0\0\0\0\0\0\0\0\0\0\0\0\0\0\0\0\0\0\0\0\0\0\0\0\0\0\0\0\0\0\0\0\0\0\0\0\0\0\0\0\0\0\0\0\0\0\0\0\0\0\0\0\0\0\0\0\0\0\0\0\0\0\0\0\0\0\0\0\0\0\0\0\0\0\0\0\0\0\0\0\0\0\0\0\0\0\0\0\0\0\0\0\0\0\0\0\0\0\0\0\0\0\0\0\0\0\0\0\0\0\0\0\0\0\0\0\0\0\0\0\0\0\0\0\0\0\0\0\0\0\0\0\0\0\0\0\0\0\0\0\0\0\0\0\0\0\0\0\0\0\0\0\0\0\0\0\0\0\0\0\0\0\0\0\0\0\0\0\0\0\0\0\0\0\0\0\0\0\0\0\0\0\0\0\0\0\0\0\0\0\0\0\0\0\0\0\0\0\0\0\0\0\0\0\0\0\0\0\0\0\0\0\0\0\0\0\0\0\0\0\0\0\0\0\0\0\0\0\0\0\0\0\0\0\0\0\0\0\0\0\0\0\0\0\0\0\0\0\0\0\0\0\0;9uϱy:XPu[W^|sgGg>N3\rGW^|sgGg>N3\rGW^|sgGg>N3\rGW^|sgGg>N3\rGW^|sgGg>N3\rGW^|sgGg>N3\rGW^|sgGg>N3\rGW^|sgGg>N3\rGW^|sgGg>N3\rGW^|sgGg>N3\rGW^|sgGg>N3\rGW^|sgGg>N3\rGW^|sgGg>N3\rGW^|sgGg>N3\rGW^|sgGg>N3\rGW^|sgGg>N3\rGW^|sgGg>N3\rGW^|sgGg>N3\rGW^|sgGg>N3\rGW^|sgGg>N3\rGW^|sgGg>N3\rGW^|sgGg>N3\rGW^|sgGg>N3\rGW^|sgGg>N3\rGW^|sgGg>N3\rGW^|sgGg>N3\rGW^|sgGg>N3\rGW^|sgGg>N3\rGW^|sgGg>N3\rGW^|sgGg>N3\rGW^|sgGg>N3\rGW^|sgGg>N3\rGW^|sgGg>N3\rGW^|sgGg>N3\rGW^|sgGg>N3\rGW^|sgGg>N3\rGW^|sgGg>N3\rGW^|sgGg>N3\rGW^|sgGg>N3\rGW^|sgGg>N3\rGW^|sgGg>N3\rGW^|sgGg>N3\rGW^|sgGg>N3\rGW^|sgGg>N3\rGW^|sgGg>N3\rGW^|sgGg>N3\rGW^|sgGg>N3\rGW^|sgGg>N3\rGW^|sgGg>N3\rGW^|sgGg>N3\rGW^|sgGg>N3\rGW^|sgGg>N3\rGW^|sgGg>N3\rGW^|sgGg>N3\rGW^|sgGg>N3\rGW^|sgGg>N3\rGW^|sgGg>N3\rGW^|sgGg>N3\rGW^|sgGg>N3\rGW^|sgGg>N3\rGW^|sgGg>N3\rGW^|sgGg>N3\rGW^|sgGg>N3\rGW^|sgGg>N3\rGW^|sgGg>N3\rGW^|sgGg>N3\rGW^|sg`\0B\0\0\0\0\0\0\0\0\0\0\0\0\0\0\0\0\0\0\0\0\0\0\0\0\0\0\0\0\0\0\0\0\0\0\0\0\0\0\0\0\0\0\0\0\0\0\0\0\0\0\0\0\0\0\0\0\0\0\0\0\0\0\0\0\0\0\0\0\0\0\0\0\0\0\0\0\0\0\0\0\0\0\0\0\0\0\0\0\0\0\0\0\0\0\0\0\0\0\0\0\0\0\0\0\0\0\0\0\0\0\0\0\0\0\0\0\0\0\0\0\0\0\0\0\0\0\0\0\0\0\0\0\0\0\0\0\0\0\0\0\0\0\0\0\0\0\0\0\0\0\0\0\0\0\0\0\0\0\0\0\0\0\0\0\0\0\0\0\0\0\0\0\0\0\0\0\0\0\0\0\0\0\0\0\0\0\0\0\0\0\0\0\0\0\0\0\0\0\0\0\0\0\0\0\0\0\0\0\0\0\0\0\0\0\0\0\0\0\0\0\0\0\0\0\0\0\0\0\0\0\0\0\0\0\0\0\0\0\0\0\0\0\0\0\0\0\0\0\0\0\0\0\0\0\0\0\0\0?M0\054\0\0\0\0\0\0\0\0\0\0\0\0\0\0\0\0\0\0\0\0\0\0\0\0\0q{\'y!Y]נJ?e7m;}v~\0ɍV:>7b޺$4Or\r>{OW\\.ׅ7ԛ]ɾăM~:;4O¸\0\0\00>9+mu^׭I:1QmwH%nVzzzu\"cCuQj[۫vv\\7}{wWFʅ?ЭN5̚\0>ʭ~ԽOAWOn:[[.)\\n~-Ztk֫\Zq$$V]Wr_YGq}acZn͹KikA:ܪ10=nV3	FT%(G=m=ʭ9MhmIUtEUƒQ\\EZ~@Xk|eVΕhE79({򦈺Q\Z̥_4ZDFpoD\0߲}?T{S9T*s||d\r}dvUU!-ΗnC~^dӱqԴu5N\0zNjߛۗѷIܮ{M%^v\"]\0\'@\0\0\0\0\0\0\0\0\0\0\0\0\0\0\0\0\0\0\0\0\0\0\0\0\0\0\0\0\0\0\0\0\0\0\0\0\0\0\0\0\0\0\0\0\0\0\0\0\0\0\0\0\0\0\0\0\0\0\0\0\0\0\0\0\0\0\0\0\0\0\0\0\0b\'^T(?215fDR{%#f[tzt!umB2g\ZNW?:T\0_ͺ~?On|/+/]v^mc9\0#G38t/kESi%IKuWl5O[%\"7:ǈVعJuvJ{w=wq5fk%)xB,r[#DIrO^V:C>ONƳeN֢zS]҄t2xM/^sUvERMjvL,-kՍNzR(kgu4jjߤ|&iuzqOI_ퟧ\05\0\0\0\0\0\0\0\0\0\0\0\0\0\0\0\0\0\0\0\0\0qfտ\0Y&¿2^sk}W5_lU?I}\0>\0sL摾Z	dn3jf\'}}|g\\uh\0#eIf$uF<m\'ޚm5:8yط=t>M~ֶun.J_2n)~u:rJF.dڕ-ߙϪrx$ӥ][gլ9$_L^/yKOYUH+j)uijFۮgH^ٚmܷ\0k#Yl^(=+]I>nߧsӫ򽧫T\'{,N5R&eDKf\0\Z~YW6uչ^ZiU\0!NDܮk,Mݺ)폽f5G43w\0Ku(7$z\0#6>\0K#Nҵ9N\Zk=~WlUIY꩷?[&+m\Zg\'Z$K񵵭^HR/-w{};TF_SXyyJv:^g/^UIjY%k(wa\04*r󶜩=uQxXI9/DW9\r\0o4;J/E%\0qsQzNG_ʺ6Qo;ZmT&k_yk֕]8>HUj\0,kU7oEDS]~M{Ư)eTz-Kΐ8=veΊ5W?2ۊz438rPKȒȧYce8ii^STӄd߷+lsM?3-zD*J5C(}ӫ\nu#->VpUMӖ~hYJVI\'ݿvzYb1Ӥukֺji\\FkbU0*tԻ߽N̍?lw?/ĒHWgSD5\0k\0\0\0\0\0\0\0\0\0\0\0\0\0\0\0\0\0\0\0\0\0\0\0\0\0\0\0\0\0\0\0\0\0\0\0\0\0\0\0\0\0\0\0\0\0\0\0\0\0\0\0\0\0\0\0\0\0\0\0\0\0\0\0\0\0\0\0\0\0\0\0ו۹oKmݳ-|:o{n\'X4&2vt$;L\r}\ZUbӚIMo.gژc\r؞_wSߺ6cw&_\0rMWkдD\0\08b\0\0Ogb=imvn[tKwb5-797-y\r}ڴѢ=uջ\0c\0\0\0\0\0\0\0\0\0\0\0\0\0\0\0\0\0\0\0\0\0\038z,kAεF]\0Idf6b)nl]F9\r+}ukFj&nuwR^:Χ]Sqj)>d$/\'\Zέkƫ}eJN4q;\n;΢VNkook4ձ:ܘ~jxEcyuB䔣w}6:isRQ5	6}rtۡX)*yXVot5#f[?1U~W/8aJK}qiY:oJJRۣwn5,SGUvNk#I6m6oYTVNrOtTgKNEF[(KБw}۱kev}33󮲌R:O!yMPNQm~M7wZmIԭuUI\'mFOu%y\Z59JSiIyv:&ݽ&WzwXm\\嬮,8GfߧoCM3byЧoJ4S:Q[F0I$dCcn*b+j5W3o?\Zdp׶nҔb~wN\\T`pS+k}҆O)}j1giܽ<~ɶqC調rctmۈg՘(sEP^vOR_a$5f(mjq4SmM?9?Y~epi{ퟷ-IC	^g-{Qg.]U\0x*JV;z{6MuoNޭ\nV.[kut<M?лEΫ_x?K>;qsZk9OSGv|[Zb-|[G\'of詛TۻuEY\"|WKgs۸6~r?\0Dkk`qU-SKd]Z(2t~ꉏ\0_ke\Z~_Dk^YEn$uyݾ;OU:ED\0\0\0\0\0\0\0\0\0\0\0\0\0\0\0\0\0\0\0\0\0\0\0\0\0\0\0\0\0\0\0\0\0\0\0\0\0\0\0\0\0\0\0\0\0\0\0\0\0\0\0\0\0\0\0\0\0\0\0\0\0\0\0\0\0\0\0\0\0\0\0\0\0xӼ\Z[?J{Ɉ&$_Wu-K8-_HZ+iRmw	onv=,eZ-UN⼯o/y뻊th	uյO%MWuٮ+Zmּ?;toy\'\0B}\03-i|1+}gG[>OTưz^SLM32lnVjoa\'#Ӽ8Fwv6wQ|?=\0n{]5۳E2QnwWTC[MAM&^~e^J)$Il[l`[Z\0JMٞv^}|~\0ɭ\0\0\0\0\0\0\0\0\0\0\0\0\0\0\0\0\0\0\0\0\0\0\0\0\0\0\0\0\0\0\0\0\0\0\0\0\0\0\0\0\0\0\0\0@\0\0\0\0\0\0\0\0\0\0\0\0\0\0\0\0\0\0\0\0\0\0\0\0\0\0\0\0\0\0\0\0\0\0\0\0\0\0\0\0\0\0\0\0\0\0\0\0\0\0\0\0\0\0\0\0\0\0\0\0\0\0\0\0\0\0\0\0\0\0\0\0\0\0\0\0\0\0\0\0\0Ӽ\04\0Ȧ#蚦@\0\0\0\0\0\0\0\0\0\0\0\0\0\0\0\0\0\0\0\0\0\0\0\0\0\0\0\0\0\0\0\0\0\0\0\0\0\0\0\0\0\0\0\0\0\0\0\0\0\0\0\0\0\0\0\0\0\0\0\0\0\0\0\0\0\0\0\0\0\0\0\0\0\0\0\0\0\0\0\0\0\0\0\0\0\0\0\0\0\0\0\0\0\0\0\0\0\0\0\0\0\0\0\0\0\0\0\0\0\0\0\0\0\0\0\0\0\0\0\0\0\0\0\0\0\0\0\0\0\0\0\0\0\0\0\0\0\0\0\0\0!?b1],1r؇|,1r؇|,1r؇|,1r؇|,1r؇|,1r؇|,1r؇|,1r؇|#?^&\Z5)/ehƫE3TQjk)b,׮e<zPuiK zP,ׯ/e7kX{%DYfy{(~QkחMYMkחYfy{(~QZ%DYfy{(~QkחMYMkחYfy{(~QZ%DYfy{(~QkחMYMkחYfy{(~QZ%DYfy{(~QkחMYMkחYfy{(~QZ%DYfy{(~QkחMYMkחYfy{(~QZ%DYfy{(~QkחMYMkחYfy{(~QZ%DYfy{(~QkחMYMkחYfy{(~QZ%DYfy{(~QkחMYMkחYfy{(~QZ%DYfy{(~QkחMYMkחYfy{(~QZ%DYfy{(~QkחMYMkחYfy{(~QZ%DYfy{(~QkחMYMkחYfy{(~QZ%DYfy{(~QkחMYMkחYfy{(~QZ%DYfy{(~QkחMYMkחYfy{(~QZ%DYfy{(~QkחMYMkחYfy{(~QZ%DYfy{(~QkחMYMkחYfy{(~QZ%DYfy{(~QkחMYMkחYfy{(~QZ%DYfy{(~QkחMYMkחYfy{(~QZ%DYfy{(~QkחMYMkחYfy{(~QZ%DYfy{(~QkחMYMkחYfy{(~QZ%DYfy{(~QkחMYMkחYfy{(~QZ%DYfy{(~QkחMYMkחYfy{(~QZ%DYfy{(~QkחMYMkחYfy{(~QZ%DYfy{(~QkחMYMkחYfy{(~QZ%DYfy{(~QkחMYMkחYfy{(~QZ%DYfy{(~QkחMYMkחYfy{(~QZ%DYfy{(~QkחMYMkחYfy{(~QZ%DYfy{(~QkחMYMkחYfy{(~QZ%DYfy{(~QkחMYMkחvMË;\0yQb\0iz\\.ڣyQb\0<4A\\\'F!;\0yQb\0iz޹OjCuFw\0o/x;\0sʌ^Fw\0o/y:z)=1\rוߖ/ʌ^KtR{Tb*3,_y{Ǖߖ/无=뜤7^Tg~X*3,_y{/A{9IQnTg~X^rۣyQb\0\05ʝlJs[J2&4٨?Yrۣ˟˟{,=r<rxɤa?W1?W3ɤa?W1?W3ɤa?W1?W3ɤa?W1?W3ɤa?W1?W3ɤa?W1?W3ɤa?W1?W3ɤa?W1?W3ɤa?W1?W3ɤa?W1?W3ɤa?W1?W3ɤa?W1?W3ɤa?W1?W3ɤa?W1?W3ɤa?W1?W3ɤa?W1?W3ɤa?W1?W3ɤa?W1?W3ɤa?W1?W3ɤa?W1?W3ɤa?W1?W3ɤa?W1?W3ɤa?W1?W3ɤa?W1?W3ɤa?W1?W3ɤa?W1?W3ɤa?W1?W3ɤa?W1?W3ɤa?W1?W3ɤa?W1?W3ɤa?W1?W3ɤa?W1?W3ɤa?W1?W3ɤa?W1?W3ɤa?W1?W3ɤa?W1?W3ɤa?W1?W3ɤa?W1?W3ɤa?W1?W3ɤa?W1?W3ɤa?W1?W3ɤa?W1?W3ɤa?W1?W3ɤa?W1?W3ɤa?W1?W3ɤa?W1?W3ɤa?W1?W3ɤa?W1?W3ɤa?W1?W3ɤa?W1?W3ɤa?W1?W3ɤa?W1?W3ɤa?W1?W3ɤa?W1?W3ɤa?W1?W3ɤa?W0x94?\0@\0\0\0\0\0\0\0\0\0\0\0\0\0\0\0\0\0\0\0\0\0\0\0\0\0\0\0\0\0\0\0\0\0\0\0\0\0\0\0\0\0\0\0\0\0\0\0\0\0\0\0\0\0\0\0\0\0\0\0\0\0\0\0\0\0\0\0\0\0\0\0\0\0\0\0\0\0\0\0\0\0\0\0\0\0\0\0\0\0\0\0\0\0\0\0\0\0\0\0\0\0\0\0\0\0\0\0\0\0\0\0\0\0\0\0\0\0\0\0\0\0\0\0\0\0\0\0\0\0\0\0\0\0\0\0\0\0\0\0\0\0\0\0\0\0\0\0\0\0\0\0\0\0\0\0\0\0\0\0\0\0\0\0\0\0\0\0\0\0\0\0\0\0\0\0\0\0\0\0\0\0\0\0\0\0\0\0\0\0\0\0\0\0\0\0\0\0\0\0\0\0\0\0\0\0\0\0\0\0\0\0\0\0\0\0\0\0\0\0\0\0\0\0\0\0\0\0\0\0\0\0\0\0\0\0\0\0\0\0\0\0\0\0\0\0\0\0\0\0\0\0\0\0\0\0\0\0\0\0\0\0\0\0\0\0\0\0\0\0\0\0\0\0\0\0\0\0\0\0\0\0\0\0\0\0\0\0H>!֥\nԩ*QI&?#rEƞ!Q\ntEi*1=]=wkkKx%ZPi{)7VDw[Sw#4KǕ>wq_ua(OT^JN-8Sz9u42T]eNQ\"o~:IpCыҷ/EJm[ǀ߬?U>7tMѓ:t~v`pמ)6S*mJu_:jCO?iemo<ńb^BNj\\bJ/-M-m9ѫ:U\'/C]y\':\',~}y\Zn	E>Dovk4DeW\0uV% !<>^ZՕ\ZW	Ŵn0ˌ]_,45Tf2>Xt}\"虣ZWT\ZT|&Kmwx[H\0-14@\ZR[ORb.,!pڥ*2u[I]N&a8_)ìC+4vU擔߼\\Roo>;P/pVR{iUҫkO?:i-5rzwVYQ\\[wA͖{V\0ga#Qi\nvu5./RQ|7+}j<6ɚ\0Qψ\ZBMخڕui{(>5фWުiy\Z&a(׭8GKn]3o~%q7I-𶭫+NnOnm}It^vP\0\0;=+=_1:	^˴tXN	s-_\nIoZƏLqViw`sv6|cI^g药gבcگJTqkIݿ#TZiҌRMF1ݶ^v[z?<g^ZPS;\Zj\r-\Z`,/6w3yoU\n^+$eQy%?73p/+H%Uz\09/#՚C?nmWXߑՏKxo5b]CRtgFEE{VN\\;]_\ZY78sm}V?2T&m=°&CPxki_6QIɤrov\0;ߵnү*/5cXQN#F{6X>{m;RnUaKRrqm%&0\nrXnJ	mRi;xzD[3BЍ:U\"_Ӈ*oSq]-Զ~{	9k|^\ZwW\rT`ri9>ܛ7wi~cۦ\n{\re8`6cAӣQͦOvN)rTXRcܜ[I|IGxFk.BtV҅8B[ygN;=lLд#NHʤWE8u-5ߦ+!#ik.n淌*S^fIE;lo4/J0J֥:S[U#(F;>|HGnS^fm(rʶ-m+ʊQ7Ӕ۶ٽ\'Yh\rQ\\XӛYm:r~8m9Bx3ꌗqzGZ38prE7ҋ}SOgݴ½~snדɧ-e;E\'J~t6hּ;Z.00t&c[xԤߣ\r?ɓ;y<>/DTb4JeJSOJ;8)kw?ǈz\0Akۉf-2vӻ|TܟWSov^ϻ`x\riV8MiBOqqY\0\0\0\0\0\0\0\0\0\0\0\0\0\0\0\0\0\0\0\0\0\0\0\0\0\0\0\0\0\0\0\0\0\0\0\0\0\0\0\0\0\0\0\0\0\0\0\0\0\0\0\0\0\0\0\0\0\0\0\0\0\0\0\0\0\0\0\0\0\0\0\0\0\0\0\0\0\0Fu:RK;on{M3T&5ރ_RR6z$[|?rX\\ѹJO̤kk[6jU?pʛ,0\Z@\0\0\0\0\0\02;\0ī\02;\0īZ/XekHr\\$׵ndғʃ~_E߬?iq%:#M.Ngv6}M~\Z[TmwrY\"4Rrm$^Y׭RWIOݛS7\Z+w;yo诙$t%טm7^v]/ߗ\0Koߢρ^[\0\ZtONڥ\nwP\'*2\\T-i]߁^[8U\0kNˌ]_,4Oo<D$J\0zZ\Z%q\07\"V%}L-?&\n\\/^T/3rqkΚm5M=`,xl8)osFJzB={wʛߞ->g?eZƳڞX|H=jeQo\n5_Hͧ,m;oZ<-{u+hI/WʿߝŴt(ilopTk)˕TN4bߚ?M˿uxbKnl+Ӟ5\ZTT[fF?Gn)woa᝕:OosR;Q{*IɽpV:H8cdt$\'7-\0JGO*:MN#DjogL\0\0Dqʐw*1iɵG#˘ƞϨ2Kx&-.jҶOZSk<V\r;ZqHʷNKo2iEW4^ڣQiyEi|eLKv76OѲ59T)ԓroviK-w,\'qTqq*:z&ןesľp+ռVO;|[	\\Rqr{7\'}w,_&tF4LjUYrI8GyQi-*K}ʵwsZj*ΥJYg|7]GWکƕm\Z|Tђ{ܚmm\"nү*~_-韞гRiN($TIi_-9\0,pX/>iR*2벫Gi%|I-O\rb.)SBIN(oNͮm\Z?mgJeU~Զ\0bx4~tP翩m\0OL	c	yJQ]Z;I/﷥*Inx}B|%oevLJgJu F;zvNmwlufoiy]8.~1tt]zGsI7nmOy]GC)UV;-K58\0mLʄ*СJMSrgnzyC\'q}uQԩ9yItI$\Z\Z}gBV5%J4G$M-8/h6^]eG(|OwϟIcZl=J-NqI_u-\Z[G\ZVWN΄HFcl ^w\\C<{e\0u;JΞ44\0sgput\05-H\nsUosm3q\ZP{\0F1Q\\𿶧CjSRcBw\"BA&ggJS]\"7%0\0\0\0\0\0\0\0\0\0\0\0\0\0\0\0\0\0\0\0\0\0\0\0\0\0\0\0\0\0\0\0\0\0\0\0\0\0\0\0\0\0\0\0\0\0\0\0\0\0\0\0\0\0\0\0\0\0\0\0\'8)1\ZCnxÌm-YS%%y͹lm\\iSZN2co$N~Z[Ք9VTw~9a<c֖۝Oe>+u*j#)rK7컎{ZqDM3J֤ԛR5Rj+s\'k}gw]4%oykVTjҗ|%^-8j/dSuS(1njmqٽ5.h\\?\'\ZƪCuFp/DKNh4dTRX8U\'	EŧL\0\0\0\0\0\0\0\0\0\0\0\0y8*jrߤ|7*VԧVV䬮mUJ/ྒ~ɕ1b>&<|މz\Zwz;7ftԮߦ4h]UnJK]?yw^G\0xS\"4sUzbtF9-N+\0g5ZTI%\ZdqMXs{%Ěɷ4Nyץsz}tMgHvTk3;Cjڏ3ۓ\0j[Q1rLí&)_ @\0\0\0	t|ki\0jx|/૯tޅs9/-*qu7m~^JUJ=M[@\0\0.3.\rKR^(*|7:m-OkQP{7̷\\Tиy\'\'w0җt~];j5Q犒nTbGk4ֳ֛2^-+U?5~bⷒk[wH{Du\nekmBYr5#)=m\r^Mk\\\ZxtNtFӊ}]v۩p8~:%;l7oBU4vn{I~mOvڥ\0\0C\r5,=3JaVf(V˻~be.[L6^ZՍZU#Ek\'C7@bt5{N:[(oٷv68*43VsS;4*<SMlwIwʮ	5\0*n_\nʮ	5\0*hk|=ΪS	)]7ٮ)A9o-SK{WZQXQQ9RJIJ2IRimۣ\"LKz3*V\'Jm-\0ŇÛ<tCo\rmG{8Iu鳉@.\0EK?u</\\\\b(UEMT_\\y#}JݮZZki$ғrIɤ*QQO^p};LK:u%Z$ʝ)=}ZOuevR<qo^00Q[\'A?yV\0c6&GPhj**٦Hզטx<B6xfVP߾R{.i>I.{ v/lu:y%>TN+6/94۾kmKwj/nyB޼a`N}^~\0,+5mR9M|UzU%%M*M1yn%iռlv\'̡|\\}]n@uMR>\n岗+wJ//~6osn\nk̅\\͞ӷW2u.-*RqڌmɯB+Xb9Zƣԗ0hr)A4MojG=_[Ɲ-nnnoG]@wϊ.iOkOziT[җ,M[}i.\ZUj;ԣ;n0}*M-QiVzWn.jJzs9ܤm<\0\0\0\0\0\0\0\0\0\0\0\0\0\0\0\0\0\0\0\0\0\0\0\0\0\0\0\0\0\0\0\0\0\0\0\0\0\0\0\0\0\0\0\0\0\0\0\0\0\0\0\0\0\0\0\0\0\0\0\0ZJ\\FYy}Ml8*vW۳pk\rylíGn)e㍯*Tڋj2mKmӼxj:NZ5**ҥT5IF)F1Mwm9h]S녉]V&iիsVNDzg%n.S;,e\0OշgMɴnm̜F\n`ew4ԓO.X۪ܫ}K<T~G5j\Zx圥J2}bF-{t{8MsGP9JKuA$+~IwgB]pYhܝե]\'IMM\'Q8+̒\"	be+%Of馜[N-uu[uK+כZs|{%E	\\)ス7N8U\Zr+[4Od\0\0\0\0\0\0\0\0\0\0\0\04әZҞʭ&ס?\0sG靻[*ta]ܦi5Y&V1aJΧ=)\Z4\rKwZ/{*[5\0^fLmᔧWMN)OnkͶw:/Uv޷\'IMW\"-F2:OX;7I?7^n\"Yj7\'1/2\Z9wN{y^dj]USM?àNY~\0Vـ\0\0\0\0\0\0α)\ZR_ZL񺵯iYҺRE¤\\Z\0\0\0\0\0\0\0\0\0\0\0\0\0\0\0\0\0\06V[ZQ{QNr$c/#cuioRQ&OO1\0\0\0\0\0\0\0\0\0\"jF55\\̽+~\0\0\0\0\0\0\0\0\0\0\0\0\0\0\0\0\0\0\0\0\0\0\0\0\0\0\0\0\0\0\0\0\0\0\0\0\0\0\0\0\0\0\0\0\0\0\0\0\0\0\0\0\0\0\0\0\0\0\0\0\0\0\0\0\0\0\0\0	G`֕+|*}[Zp{l-$%%XZO-qyeix\Z9rE(QyQ6Ktt\Z7aPB\\i(R*;=?[O8A.e!gIԗW4f\\TEuٯ;Q׃kKB⚓J.I?RRi?+/j<U:Z%*n\ru\\\Z?JKy#{n=BUo+yR;$ouMk}/]MAMƖB-8$jRMܟvۥ|ӘM;ÝAčS)\\EIoM4*0Rٵ۽jچ|Yk>KR]?MnҜN@x&|AAix75f99%/Gdks\\uZmpw8Υ\ZuIq{9mʞeb\Z2rѾkSIFMogζf0\0\0s0loo?ܼroݷw\n?_1E_L?\0I\0\0\0\0\0\0\0\0\0m{\0\0\0\0\0\0\0\0\'p{E|{?f3On%iwIrv\r]w7\rUqk$Q5ܲ4Օ7KҦIwn_B]=,ʳN\'Xq|AMƜB2K}Ժt\0zTS|ѵWMAum6<Z\rnBn-zSK:~+34VG&M>U~vxo2Ȼ:<ӷF;]V+R\ZVH-~}=X]ֳuJҼi=V6ӣ.%{ms;}cZt3To5^\0Cqo}h[)vW2V\0Q9(m%,rƬ+mUi[NQkilU8JfeMl$MQ;uhRI+R7wsav7P=TN/ng@soek]Y\\;o3&6|V|wmGeG\'i\\TF\0FuY(o&oGqsS\\kd!Zj[P`$Kuo}Dfq::P)o&vlR%]*uN+d%Kip\0	Ӻ27)*׷-9>slm[eLD\'\'|b6\0Q\'~\ZdږMk+]rUqtFӢ{>iO,jEB5\'GxΤ\\Oe~v\0GvW?ukV<kvU!k9EJiu_:5,.Rڽ[aM{\\og-YyťlԿJcOt;axyc3VխB&[٦ٴݭ^{]4\\ūcJM%g\"j֕FJ5TEQS\Z=Z:WRj})=iOn?LoVj*rOMUPuj*[6z-}Z:uŢնkuRqkӾƚp\'(86kds(e-zvuzٲ%ep\ZUFd䭯(r89U}w2[m)omTpNS{zvIv<Fc+rRѺ[Dz{4gG)qIWR볒O~%%o\n8{,>+UU-TZ)Og?Ѹ?jRP\0Z`pVu]R;ZOjMA˽wLBx[)vW2V\0Q9(m%,rƬ+mUi[NQkilU8JfeMl$MQ;uhRI+R7wsav7P=TN/ng@Uxгq^_Nf\'x*G񕭧mj_\ru1iGQ梪NqR#ʤR]۶\r|*jzU=woϣ]>p\"wg4ocꚹ4m884p@M>MSJ$CJKVkIRi>w\0I.A\04G-O(Kbms*iES__L/|j\ruVf537EI[=)qTG1NZJk;xG-u]=T\\OngC:%_]`FԪ*hy}v\0}pY;W=UzR6nֹfuSZS_動m)y+e1C{R\'KIrʖmZ//}yrBSI7Kc\nоm^=SpSIFҶW.=z1S序vMȯJ\0\\+[SYUEסwV*\\}#$ۨ!Vu]R;ZOjMA˽wLGR^,r\0Itdi/.\093pQGS3ORukC5S/ϻImYq/;-,n\'BQǖ΍(W6۽^tw 9*hUgqN39(kg޻&eޙZx%BmZӌR[/Y]1\'+;ZtUUiNTӕFd|4|&^{/bQ*P#QrMlO~\r+\rQI[є~f/:~Ur\n=\'$ODSĉĜsM\\PzeJܝi|=5mx]eK\'esgQJPmzRi\'}AK7qIΝJiʢb67Mu:69}\ZXYN.Pr[hl28zNX[9TC)BN[{)w;YSke^ΥZ{ukcTu^L[RwsnOuE>ɀ\0\0\0\0\0\0\0\0\0\0\0\0\0\0\0\0\0\0\0\0\0\0\0\0\0\0\0\0\0\0\0\0\0\0\0\0\0\0\0\0\0\0\0\0\0\0\0\0\0\0\0\0$\rŭ]l09%\ZPN5cNOPR_oLޖ&vǈVZ%NjF3NTIǗtܗDk4ԜYq&5*u$ISf._X*q_j)dcl\"y(RpbR췒mMUƍq\0.S/[\ZRrMJ[\'L\0\0\0\0G3)pU@\0*x\0\0\0\0\0\0\0\0\0\0\0\0\0\0\0\0\07vڻ}sZck^gFԓ^Hu6ݍz4N9m(0Y\nY[Z{8l)5Exyݭj1VxPji6=WV%~dlK\'%꓃	\Z-g-CmegZ+	-ok5mm80ڿLЍݴ$~Cֵn[]ҝRpNkgG##wQ\\NꌹRfwO]$C\noK/u:-I5֣=-\ZWjtMm-7\06CXk?)y][WyP\\r}+~vGY1:W%k++9U\'Q6-I%+09rg\0(i9z!\Z!jTд+Jn?m>軶\07?imP$L!SESӨꪜ[rm\Z<ek1Uhq{N$>vQ].gJ\nzZmύ:Qc霕H`-ӄےm-%o[Zj]y<+zWiЌtm?&f6ǿw(>EM}}R⼓jMy(gog1\rwpK)Jus([-FޓC&bV(aqؼ<jth?qyk^RJrsUݶ߽>!esi}Ft.hƥ9Z373YUYUyMԠ-?=]}4xߓ8J7u5lp\ZS5VMe;Jr\\DW}G*@SMV|K7JKIwSwգZ,ͳnVaT%(Cw^umIz=\\;]ʣ-\r$z}t7KvWumn)ItFqkMr]ں?ͺF0ISZe-Nq!ZC7wh㵦Ɩ(Ӄ}vl	++Oc|mŬhrJ?uזSWH*oFx&t([d1}䣿V蟡c/%żKX:_ŭi8ƣJm=muKmC7j_^a6xl͕zv7?kIߣ/5w7N!VRtA좛roe^wzyi<-xײQZ-mRft&E؆S!k<\'Jmee\'*d&_$Ew.L\r9/D0u:Zd5[*:iMҧSMy>vHZ=K}+գgEҸPٷFM6E7	s5%>ҜJX8ЂiOKvlNVӫgUR.T4:K1#kVT{j?\rͿ;+F\0]R(ĭcJ]vԜ~ȠVzӭZrV9=ܛ~x4BG-O(\\<kg\0%3:!-1V\Z*t9&6}~|ᵞCrXz6Y2ui/Ԓ]\"&	_\0c:q2\ZƭLJRSx)뼟^`;)_RSi%ޒ	7&vR/0po9EI}f=+vt]Y\\[WMŴ4On5޻ʋkbq-!ʥw{nkW_-ZJiMn=v:9{{2{W#u_73Vgy\\zo60hc,1TP=nvoP㧎-q>U%6{o[\'@t;e\0%2:6btKoFVWr9Nm%ZKWzg.FG%_nI\0fP<wObtm!kӌT~ri^dv\\iV\\6\Zɸ6IߜP8ZУRmGYƭO֧]SiSqM$[~_t\rjL|j)y\nP<I5Km7Wayl}5\nWrqK\'Tۧ`<c]e.F7V9(EurmGٿdVſ$R\0is[ql18{:q)&k}I?9<\\{%O\ZSwZXԧ9FQ}F9 k#OVcem[RqRk&#\0\0\0\0\0\0\0\0\0\0\0\0\0\0\0\0\0\0\0\0\0\0\0\0\0\0\0\0\0\0\0\0\0\0\0\0\0\0\0\0\0\0\0\0\0\0\0\0\0\0\0\0\0\0\0\0\0\0\0\0\0\0]gWS9G3)`\0T\0\0\0\0\0\0\0\0\0\0\0\0\0\0\0\0\0\0\0\0\0\0\0\0\0\0\0\0\0\0\0\0\0\0\0\0\0\0\0\0\0\0\0\0\0\0\0\0\0\0\0\0\0\0\0\0\0\0\0\0\0\0\0\0\0\0\0\0\0\0\0\0\0\0\0\0\0\0\0\0\0\0\0\0\0\0\0\0\0\0\0\0\0\0\0\0\0\0\0\0\0\0\0\0\0\0\0\0\0\0\0\0\0\0\0\0\0\0\0\0\0\0\0\0\0\0\0\0\0\0\0G3)pU@\0*x\0\0\0\0\0\0\0\0\0\0\0\0\0\0\0\0\0\0\0\0\0\0\0\0\0\0\0\0\0\0\0\0\0\0\0\0\0\0\0\0\0\0\0\0\0\0\0\0\0\0\0\0\0\0\0\0\0\0\0\0\0\0\0\0\0\0\0\0\0\0\0\0\0\0\0\0\0\0\0\0\0\0\0\0\0\0\0\0\0\0\0\0\0\0\0\0\0\0\0\0\0\0\0\0\0\0\0\0\0\0\0\0\0\0\0\0\0\0\0\0\0\0\0\0\0\0\0\0\0\0\0pUDQ*\0\n`X \0<]]]]]]]]]]]]]]]]]]]]]]]]]]]]]]]]]]]]]]]]]]]]]]]]]]]]]]]]]]]]]]]]]]Q*\0\ng7z᳭U*]c\Z\0;ӑ)AKJ\0\0\0\0\0\0\0\0\0\0\0\0\0\0\0\0\0\0\0\0\0\0\0\0\0\0\0\0\0\0\0\0\0\0\0\0\0\0\0\0\0\0\0\0\0\0\0\0\0\0\0\0\0\0\0\0\0\0\0\0\0\0\0\0\0\0\0\0\0\0\0\0\0\0\0\0\0\0\0\0\0\0\0\0\0\0\0\0\0\0\0\0\0\0\0\0\0\0\0\0\0\0\0\0\0\0\0\0\0\0\0\0\0\0\0\0\0\0\0\0\0\0\0\0\0\0\0\0\0\0\0\0:~c>ȝw\n?_1E_L\0\0\0\0\0\0\0\0\0\0\0\0\0\0\0\0\0\0\0\0\0\0\0\0\0\0\0\0\0\0\0\0\0\0\0\0\0\0\0\0\0\0\0\0\0\0\0\0\0\0\0\0\0\0\0\0\0\0\0\0\0\0\0\0\0\0\0\0\0\0\0\0\0\0\0\0\0\0\0\0\0\0\0\0\0\0\0\0\0\0\0\0\0\0\0\0\0\0\0\0\0\0\0\0\0\0\0\0\0\0\0\0\0\0\0\0\0\0\0\0\0\0\0\0\0\0\0\0\0\0\0\0w\n?_1E_LNϢ\0S\0\0\0\0\0\0\0\0\0\0\0\0\0\0\0\0\0\0\0\0\0\0\0\0\0\0\0\0\0\0\0\0\0\0\0\0\0\0\0\0\0\0\0\0\0\0\0\0\0\0\0\0\0\0\0\0\0\0\0\0\0\0\0\0\0\0\0\0\0\0\0\0\0\0\0\0\0\0\0\0\0\0\0\0\0\0\0\0\0\0\0\0\0\0\0\0\0\0\0\0\0\0\0\0\0\0\0\0\0\0\0\0\0\0\0\0\0\0\0\0\0\0\0\0\0\0\0\0\0\0\0Ϣr\']gWS\0\0\0\0\0\0\0\0\0\0\0\0\0\0\0\0\0\0\08-AGPbpvFJG	5߼\Z+qi<igfї]X5iSi|ܰ@etqw:es˺ԯ*u,TwoQ17w98SjʴTz䣳ŭⶰ,\rNLv#]oU:P[\\*gr8W-m	8hLXQچaiwRR[u0k|,t\07ÖV;ͳӼ7Gq	೩͸]eV	.i5otI}@F\\#<ѭqg\Zn%lGnfgFƔh:t(AF1ޅ6KYm?UC/«ߞ=0%4n⎯zR/^u;YJ]ZܺktM}H	[CQ2sqRrQFrɽMK*Ib;nycsrr,\0$^-,/F,1v[YTR5\noD^.ťgeN✩ɮ=On,?_A\0Zp:;/]±㨫Mw}vqR]zt\\O~l 7\rU	IAVkw<3yVձZg\'^)RظR}N[Go}x}5_BZ|0U՜ڟ47m?(5]b.iol0X֣V_Muоײk[n\\_PUnP2jߛcWծ߁.6h.k[z6nR dk=w\r7vz-B˛I8ɭr%i$ۿtyf4NԜ9Ŭ6\'iF56[rI)&Mt\\JNqy^F\0\nrrWZoXR\rJ/K}l\\OԸ;꒧Q4R_Q\0\0\0\0\0\0\0\0\0\0\0\0\0\0\0\0\0\0\0\0\0\0\0\0\0\0\0\0\0\0\0\0\0\0\0\0\0\0\0\0\0\0\0\0\0\0\0\0\0\0\0\0\0\0\0\0\0\0\0\0\0\0\0\0\0\0\0\0\0\0\0\0\0\0\0\0\0\0\0\0\0\0\0\0\0\0\0*s8e)ɤVOMgF^Ӹ\r8?Z\0\0\0\0\0Q*\0\ng\"u(|}0,\0\n\0\0\0\0\0tVJ4DSZ6RU[,bfh;&NtT,m/9}/[#izUާ△K]/Մ%eu\rޞ2Sj4lemBԛ\0G80n\ZLέ%^zg☈Wc)\\c<Rc4R٭iRfv2z\nݪR]Q3[~K\0p>pt:L^iNsОh%\0{s-jQrTα/0\0\0Ȝ`ҜhԱo%pȀaV+oW)\0ZR_ ,\0/K\0B<tQR_EZC|n>SKQd#.j>5*^NЋ_J\0Ys;JG9S{e*_wհ,ׄF˃\Z[S]8{Cqmʥ&#Z^JA>Zݜk\\%ӭ:i=סΤq53\ZK,Jv\n71j$=\0󑟅wcV5];H<ޝ\Znү*~_-阞\r3_T2*m[cƦ	xm\'Qcy[I\0a\0We֗|JW]qylt#nrG.MtL8j?JZ~85P*%i~67ceaG>\n+jEygN=kW7RSPJVtWgѹ%im˺}wHź~=V[ӺzwrM}\r\'%K7\Z7֔1vYU%w+xƿg9\'piik}<\n+FƶIqΚtLŵx7:PBt)K~^*)&{/}הm/㋼.BM5So$ߟnmR\n)UZrqeŧO&+IqXme^?h8ޫ[Jyl6Vn1ZҜݤm4I7GZ/5㨯61۸Mw-m%wa5i4R{z`#&KRoRm`\0\0\0\0\0\0\0\0\0\0\0\0\0\0\0\0\0\0\0\0\0\0\0\0\0\0\0\0\0\0\0\0\0\0\0\0\0\0\0\0\0\0\0\0\0\0\0\0\0\0\0\0\0\0\0\0\0\0\0\0\0\0\0\0\0\0\0\0\0\0\0\0\0\0\0\0\0\0\0\0\0\0\0\0\"%&/9m#STa?ѝNi&\'Sunr[ۧY?R⾡<g:{4\'\0<k*ӖO;jq-	oQY֗[|y$in	W[˭*`;6*\0\0\0\0\0u(|}3:~c>\0O\0\0\0\0\0&[,g+FU\0ٷg\0û7-=yV{;:x_h֓\0茟>;/J>,9\0Vs[־\00kMwQ9OaBUaN	R$bHR*%SrI.Z֕>R:umy/.YgA_W^L}㈺xR֤E\']/szu˷f4EG?\0)@\0\0\0˭U.粵1)ʥIQc*Tܹv[-6[\Z0\0`cRL[!U(ԕ蹥&fkۊUViΤ|&mY\0do1WԯqwwtՕ:lڔZkkY|^Z\\jʥIl[MI-rF\0oGᣙUߗw5\0\07ڏ5dnq[΍.TyiMFcysauN⵵7\nf8Jkfvq`n[n]fK}]!u^us&f \0uZk\ZLx?T)no:F?jl\\ՕG[/t5 \0\0\0\0\0\0\0\0\0\0\0\0\0\0\0\0\0\0\0\0\0\0\0\0\0\0\0\0\0\0\0\0\0\0\0\0\0\0\0\0\0\0\0\0\0\0\0\0\0\0\0\0\0\0\0\0\0\0\0\0\0\0\0\0\0\0\0\0\0\0\0\0\0\0\0\0\0\0\0\0\0\0\0\0\0\09b/eg5nFʦi}ރ&+L[anQm4%ѤI=Kg1sנ*pKm{#Ru/y\n6խQܟ$jm+g^Rn)n[iU-кOTYVJQ\\[.rs/d14(<wnqVFN35$;-1ZS1]\\΍\n1H4\0\0\0pUDQ*\0\n`X \0<\0\0\0\0\0\0g\0J\\6.*34k2~C}ҥJNS8NNR{${oUoNRKVX}.E:[t^ۚ.|}\Z\"\Z\"iN)Gծ^vyG~yM߮kbEG?\0	\0\0\0\0D<5Z_{ܗ9L׸iz1d!ү`,sKen7|;zq{̜^Џ5Kkйo龛!HAZTg7(%(/3OupPF<ל#)4 \0\0\0\0\0\0^8Qrvq%F&у]Io>0\0\0\0\0\0\0\0\0\0\0\0\0\0\0\0\0\0\0\0\0\0\'9ƞJ꺍jRnk{_\0\0\0\0\0\0\0\0w4/-~B5,Jv6ɦi>wF 8\ZPZb-*ӥ^Fu7[EEuLFbZqKJ)CN2qmo\0\0\0\0\0\0\0\0\0\0\0\0ђ*hTZI9M[չ~//Dۦ8\0\0\0\0\0\0\0\0\0\0\0\0\0\0\0\0\0\0\0\0\0\0\0\0\0\0\0\0\0\0\0\0\0\0\0\0\0\0\0\0\0\0Sc\"Scz]g *vԢCϳRm/4={g-T^Fr4\\^nusK-Θ+TktU#wיnw!{zi鬬|ܔ⹟{Mu\Z^5YPA(5/sJ;j+͇\r?P5o?#9VNMVъKe	\r?P5o? \"\0\0\0G3)pU@\0*x\0\0\0\0\0\0\0\0\0\0\0\0\0\0\0\0\07\ZI/!WN5WIEskg%6vB݄ՕՔM-JhVOoK[	7x6\\ַ8JJN-Kf^f3څ[t)N\\a\'M$~<\Z\0h\0j/-aJQF3RUQ;e&ڃjQ[5Wt_#OVuNY9ԝW)7 qCEl;Ti\'Qb:3f5mlo\Z~hZWkeC)to-E{=tu7=|-Wm/NPvNR]IR-I|*iutKɁp62{iK_;9G~<mAE-G}){ZUV/[/oӧF7_0\0Ws~\0ouVMociuB:R\0ҹ[}7HwZSGu֑f xcI}N=Ϧi3Sy=}a26pvwsrUmܛ{ϦR]L.<:NߛFw\'g}	\ra\0h8mhemkg=OVyTqw\rt~]w۵<uNj(8c̥p(Smt[nz|&4RXnQI%N)m*uc+,r4:ғm~|瞙}qr^)6՛߄\0nH,kmFNw\\׵<e\n[%9ɴ캯xbΌ&>g-\Z5jJqMM6U>!%W~EgO\Z:뉸Û·kw/g.\0~_`99gV͝\'8tc(_Gi^x\'A̫˝|>߸яY?ei^6έdz$d1{V֘ԩ7s^TQ_R]}mWd:қQf{-ҋOg宝;Jaں)}P7S]ZkҎF͗kP\Z&[ԷsG˲M>ƯLy-4Ļ;X[R:qKeM5nTW%r%+>Z\\nkn7\'KwoCfiM1zoht-lII%iO$]WìEm7q>Uc&:imdԒ{uݘVӚXG\'8rI6M4￦}_e뵳d(ҕJOՅfHO6[|	3cqs%95(/辋/u9{*WK\nJI<^	j-1s-rN/oio\0\Zi[\rKn/&U˝\'Kv08imgwag)Fmӓ[^R]}QSJg7sV=bcqW֌Wh=^q]I.I~[\\Vޝ	,E*K=d55;=4ssy|$>4I->9(^\ZVR(\0E6ԥWexM:YcTe`?Bi>m_8c6X,҃R:.휞n}XagCYᲴdWnZOfF)+uW/?}?\0ws2Gks-&ѹjM,u\ZJE9ɽwzK#Қ/>S!c\Z#f9᭠mnMɯJ2JCt&JҒ[oomyvU{禥p5ղ\\-phPodcZ[žO\0>|k/aZ UKM2&\"ρG7\'gSBq-1ԲW6t,96MIuk8rP\Z#\ri)guq\Z巳[Nݥ~5o\r\r{^+eeMΌYT[Oeխk}c\"--+/oE$=I[y![[0:V^ܦ)[i]7s?| ;ManUλc(BJEsRm5F5Ɣ:Hd2AԩoRn\\&iKOf꺣QVu8(nQiIEy{ٶvouz;HoT5њrUj\\UQVItRB[KH\\67\\b7~¯(ΖKuKv}1F9f]²\0o~R!y^;ou$wnp,&᦮ӷSYTNQiJO2i#	6/svr_{Zڍ{δc/O٦>ySǈ,.N9޼]ëmӖ\0]\Z~ӱ{qFq8j+^r-:Ԛ{oK}7[יF3)ݪ5TR2ktLΫ^uNRt$Oo\"\ZOg0:(]e{FVw-uoxwW:;PjMEBUlgmRP樖nw(%k	Y9/iu߻w\\ɵ?8?%&ԟ^fIW3@Dq-1ԲW6t,96MIuk8rP\Z#\ri)guq\Z巳[Nݥ~5o\r\r{^+eeMΌYT[Oeխk}P;ѦW2O4d[7\nBZ`t[[[MjSo&o]B^^wqv9:fl*IS=סI%FWViM;+\'V󋲭RJu]SŮ_r@_Oؑ[>\"ߙi@,5|jK|nu\'n6s{6)^x\'A̫˝|>߸i+klO[mc[%o~[ltn%miJqw5N5\ZQi5 5WvO!a_q;FJm)m7m([ʯqŶ	{9T=.w%:N<֡q4Mk[nJ3eNQ{-}Kq\0mƘ\Zh\r_KPSЃj9)\'.9QᶖXnnQN}QJq\'v~ZmSi	FIJ}d1&}[lt|vCRup(9|܏dOk~7Cժt/q\0\0\0\0\0\0\0\0\0\0\0\0\0\0\0\0\0\0\0\0\0\0\0\0\0\0\0\0\0\0\0\0\0\0\0\0\0\0%\ZO^҄sxkQ(/K}E	K$`\0O$`OZ\0FQ?a縏NscsJ]b$t#\0\0\0\0\0Q*\0\ng\"u(|}0,\0\n\0\0\0\0\0\0\0\0\0\0\0\0\0\0\0\0\0\0v|3z\'1:ōtsnw4[04^]Y-Z\',S}_G/oGVc^S\'M\\E}--vIղ\0HԸ;sJޥHsr產)3lq^֥.ju+qUrmw0@mmO(`h:g>\\ۗb\\[}ۻF<\r55ݳ\0m)yMCYׅJbT\0L|%/1ZѴ.m!UR2mTIDr	!ќInЦʴc*%[{5[ߢν4skv~5V.1]Q{.os{tqxMѺ^y+ʒ\n=:q_	&T5,֕4nUjOs;[o|K^H,u\rjV78\0*j2ovWO:]?[?Ll;62ouJV3M耝u:=zۻjqmxn4z?h\Z]wg)q(8}{I-m&i\'8-KUvѧMv{H	4sQ.i)9)s=՝o-۫/?/;%X\0zK+F͞g5$TZ\\tg\Z\\;XUR⦘Qԏ#J.fٿ]\"\ZkHhKd+e̠Nkfnm-oƿ-xkG)8mܞ{m\'B2\0L֓;%St`K5f[wͷ]7l8}ZwXsThJI8캽+QWY:T7\ZrZmOu{&lx#{wc.;\nTգtSḸ.T%!Pdju^u}i}Ke}\rW5Λ[y(da%5_dekm!̈́;S\'a3J67\ntl]ݽu#,k/[Jy{.dDtq=z֥m\npS:$2MKfnd-x%o:k]]8,3獍:Mԗ]\\M/7T=\ZBc-y9.ʔUHl\'Do\0`ӺNjn[imS}Sqe>{{(}Ri\Z{C	E4.e&9+yB\\^vnR}M7syluN)-kw%uvr_2i=Unc\0wfcGB%=I\'uF\'Mqx-N>y%=OnF\0A{%#\rVv|wM|&Ω]Ңs}-{ٴ\0\'J\ZIĺֶ+J)T8JOdw|^dPX\0t:\ZNQGQqmzvR;.#ctfJy<+S^\\^NUMMo]）eƦO\0h\\{IK~m{}fcF#RVj]uO=2]W]۪qr;lsT0e\0	qPKSkIICeN?;}KZSMl?CҾw8Upt[oM\0&\r;71wS緹Prۛg>&{oѧt>\0^CB=Am^Z^mӝⷔ((f\'tߣ}~\'SG?x]z6d۫M5ׯyg\nU#9\\Ow{\'3ZQt̼bU&M$י6ۧ_\"7=g1ӳ]IUZnz:%Vp2?\'\'dI}	}&؛}7_Nh|mK}~3q]R}vkmt没%J.v5SRΖ5~}6wVwSxXPndO`Z/㈭\ZW6{v=cRqQirј7\Z>\n[`cw\0rJg?%-iNMIߋJ479i\n{~#\0uuq7\")vs#T}ZI6F@\0\0\0\0\0\0\0\0\0\0\0\0\0\0\0\0\0\0\0\0\0\0\0\0\0\0\0\0\0\0\0\0\0\0\0\0\0\0\0\0\0\0\0\0\0\0\0\0\0:~c>ȝw\n?_1E_L\0\0\0\0\0\0\0\0\0\0\0\0\0\0\0\0\0\0\0\0\0\0\0\0\0\0\0\0\0\0\0\0\0\0\0\0\0\0\0\0\0\0\0\0\0\0\0\0\0\0\0\0\0\0\0\0\0\0\0\0\0\0\0\0\0\0\0\0\0\0\0\0\0\0\0\0\0\0\0\0\0\0\0\0\0\0\0\0\0\0\0\0\0\0\0\0\0\0\0\0\0\0\0\0\0\0\0\0\0\0\0\0\0\0\0\0\0\0\0\0\0\0\0\0\0\0\0\0\0\0\0\0w\n?_1E_LNϢ\0S\0\0\0\0\0\0\0\0\0\0\0\0\0\0\0\0\0\0\0\0\0\0\0\0\0\0\0\0\0\0\0\0\0\0\0\0\0\0\0\0\0\0\0\0\0\0\0\0\0\0\0\0\0\0\0\0\0\0\0\0\0\0\0\0\0\0\0\0\0\0\0\0\0\0\0\0\0\0\0\0\0\0\0\0\0\0\0\0\0\0\0\0\0\0\0\0\0\0\0\0\0\0\0\0\0\0\0\0\0\0\0\0\0\0\0\0\0\0\0\0\0\0\0\0\0\0\0\0\0\0\0Ϣr\']gWS\0\0\0\0\0\0\0\0\0\0\0\0\0\0\0\0\0\0\0\0\0\0\0\0\0\0\0\0\0\0\0\0\0\0\0\0\0\0\0\0\0\0\0\0\0\0\0\0\0\0\0\0\0\0\0\0\0\0\0\0\0\0\0\0\0\0\0\0\0\0\0\0\0\0\0\0\0\0\0\0\0\0\0\0\0\0\0\0\0\0\0\0\0\0\0\0\0\0\0\0\0\0\0\0\0\0\0\0\0\0\0\0\0\0\0\0\0\0\0\0\0\0\0\0\0\0\0\0\0\0\0\0\0]gWS9G3)`\0T\0\0\0\0\0\0\0\0\0\0\0\0\0\0\0\0\0\0\0\0\0\0\0\0\0\0\0\0\0\0\0\0\0\0\0\0\0\0\0\0\0\0\0\0\0\0\0\0\0\0\0\0\0\0\0\0\0\0\0\0\0\0\0\0\0\0\0\0\0\0\0\0\0\0\0\0\0\0\0\0\0\0\0\0\0\0\0\0\0\0\0\0\0\0\0\0\0\0\0\0\0\0\0\0\0\0\0\0\0\0\0\0\0\0\0\0\0\0\0\0\0\0\0\0\0\0\0\0\0\0\0G3)pU@\0*x\0\0\0\0\0\0\0\0\0\0\0\0\0\0\0\0\0\0\0\0\0\0\0\0\0\0\0\0\0\0\0\0\0\0\0\0\0\0\0\0\0\0\0\0\0\0\0\0\0\0\0\0\0\0\0\0\0\0\0\0\0\0\0\0\0\0\0\0\0\0\0\0\0\0\0\0\0\0\0\0\0\0\0\0\0\0\0\0\0\0\0\0\0\0\0\0\0\0\0\0\0\0\0\0\0\0\0\0\0\0\0\0\0\0\0\0\0\0\0\0\0\0\0\0\0\0\0\0\0\0\0pU\0\0','2025-01-18',NULL,1,1),(69,'security','broken-locks','hehehehehe','PNG\r\n\Z\n\0\0\0\rIHDR\0\0\0\08\0\0\0C\0\0\0sRGB\0\0\0\0gAMA\0\0a\0\0IDATx^7{(*[,QӌɛFmijz7&17KL11&(^w\\\\X$9sf9S5hవ3Gud{l)kcm\ZѪ-\0\0\0\0\0슪=D\n~\nS`045>;gHe9\0\0\0\0\0K_scРA1cTЦdmc|HlFUUM\0\0\0\0\0v{D\0>--3+h!0\0\0\0\0\0+3+b[)f\Zˊ\0UgoU6V|-q\"G\0\0\0\0\02\08ݫo70:u,6+}v,[4fz!ΛC0\0\0\0\0\0`g^sf:dDѹK/,\"}fώR<)~\n\0\0\0\0\0pcФj,\n3$}4!)\0\0\0\0\0<[6gm>KJ+Z\0\0\0\0\0=RJ%od\0\0\0\0\0`3ag\0\0\0\0\0ص!\0N\0-\0\0\0\0\0ci\\ \r>S|\0\0\0\0\0\0=\'\0\0\0\0\0\0\090\0\0\0\0\0\0@N\0\0\0\0\0\0rB\0\0\0\0\0\0\0`\0\0\0\0\0\0\Z4pl|\r\Z40ʦ6mƌlj:#{\Zcڵ׆8ؓeۢ]v1p`۷{pԄܹS^*/X\Z\rkœON,gC}%<Λx7W\0\0\0\0\0g)kNuV<cD1(ݞvT\0>#bMӷO,mKWyVE=\"GU*~?\\<B`)0\0\0\0\0\0+.k8\0?ĸM{+_ow\nܘn;\"\0>-o~M|޷4XfMFkc=_gZ\r\0\0\0\0\0\0(ԹS,[,ڼ-%K\0<p<xpL25fϞnZ~}cȐ!1}xᅙYeGF{ܳ<.]j\ZoVX!jR7ѭ㨑kVŴisc֬h\0[n/]_1gΜ\0\0\0\0\0voSN6nخ&n妸⊟ҍ{[q/tm67Mf͚]\\f{S\nu\rw?]79ٱrŲh׶D6hHFCX[&~m<;{aqA\ZWPcΦ6vbgs\0\0\0\0\0!v7)Ľ㒯}%gMKSTG6xz҄bR5CZ?I7[뮣]vѻG8eY<6kth[55ѐR߂bkUoCڨ.ԩjX7?Xf^F7=93_do}\ZMK}ͦ6esWeWԹl.9ݻW|SŸqg%:#\n/,ܓ=\0\0\0\0|K=oϦ﬷Uho2on4Ni~(\0\'mڴJ\\Z姼<g%~}DbQ]8Zo\n{S4;~-NpᵦUU]=\"ԯݻ4tzO?ݹN9яMm?Zozs1xO`_K[j5P_~|^|qVlk/Ac?>!EGyhV(M_pyO<TV\n\0\0\0\0o\'pB|_(͕~+_,.Ky٦B\nm\n9Xxq}hͳ32:ƍ;*[뮣W1mNCiZ|6J!poJKi:{ڵUѶ²+:DdCwnKtehz㍷=]\nj7ɮYI_wX?|B?ˋ\0\0\0\0ߊL/eꤺi?ҐM-&\0n:.]Vp֢EؖV;JucN)oZ6mUm3\nZm0ԴcѶmlP}qeg:bWL6eus᳤̜7T\'P-I|MIP벩RZ|ݛk[uVeJ35PRj^2˕Cr/첯׾4h@q+cΝ;k^sZ|iw-z^^ّBK/I|{W1N>\0\0\0\0\03;;̳Ό_lKyNI2j\r][\ny?Ƿ_tK6yfEƿխmP=?֬.+M]UQS(ڵm~+%wUv_<`@u\\\nR|8/umYi:IKuKJuRp+oAmNS\'Iu.q.8g2i*)Ih;r[2INM9u9JsmJ6v\rT*K:(s9qᅟ^_sͿ;ҥk{X޷oh߾],X0Vn{?n8)f፯\Z_\0\0\0\0F\nr{&CT:e5\"vS?ox_tKaE]o#I}}}o>\Z6d%eR6ѥanh8z]=/(/=w?R4lgIr!Kb\n˥^%g\n;7RY꧀6Gl67wRYZw[i2R;r[2)[j[)-?ٿIA|j%{O! 8]i}Mi<T<yJ3fǛңG?A6մǏnz>xW%i%_.\'?o8\0\0\0\0`s֬YAXR\nobT6o}[⬷U=関&|8QQ.{o.v]oÚ1wUXZߵJ0)k\rѪ0D}kcŊS&|֚i>IM7wU.W\ZRyI)-t\nx\np7۵ae߷9ܜ:%/8+[oڴmriJ\n`K&ݜ_\riL-S\\829Ik4-3{bG8czU|۷FNo+պgϗʟe^!dڴMοˋ\0\0\0\0};?.C w_3/WD|#/3w\0_z/iv\'kWؾuקȷR7IUa0#4^Q]P\nUˣjmmTʶE)$-\r;J\nSps*+\r&ycR`؜rg([\ZLUvݒuVʩR^˻e~[^߬ħMdozp^+`cO|8N翊\0\0\0\0+)M?|a1^g`(;K!﷾?g4[\"xnX`J_b\\Z[LZ\\SU*LQ*40KIK-8Skঞ@ԅt=[_\"\'mڬv/kI=[<0k9mk.u$u<uWiʕצZ\ZKߒ4}W\'>qApYm:\0\0\0\0\0Cw(oX;j*-iX\0	3_/FDV\ry\nk\Z\ZbMcnm4Ykj4dCyᖗne$n[y;ol}nmp\n0ͩ05f|6smI]~~Rkͭt\\զNQyKa~yЛ^kIگO~Y6h޼XDe˖ˋ]@WZpq|$-߼,-Z\0\0\0\0\0R|>>ًl*-iX\0)kƤg^F]CMY55) 6[^[G6\rѶuCal*oB\nJk-\r춸?_8?`-u\\W\nJsSy)KK!^~\Zz(O\nMmsҜ:KjW\n3KiGnKZozzӱzS0:Ms[n\Z(޳\ZNs阕\\}?Arz-I9缣.zLL<yiK.׼8QŲʕ^3_\\Ƥ⋍\0\0\0\0\0ZN禆Y\n/*6^\rMSɘ18\r[m;-\r\Zݚsuԑq\r\rvkCsIŲJ&E3$z_h?6VGVk\':ZUGh73~[W7D뚺{K;Um-P/5 {]wՅ8O\'}᏿{_pY)\0\0\0\0\0ԹS,[,ڼ-%pzPxdQryfj̝<ku6q>}QW_ƚBVѪ*ڴ6Q]Ӻ04FUPxoj-_t+\0\0\0\0\0k0wG6\0~O=51,ٺgjv-;xwVmWJDUژ1kEUuNŽ<\Zuu}h(-?=2{<\0NN]0ww-8:tHL25\0\0\0\0\0شm\n_%qukZ[[z{|_ٳs9wT\0n&ݺ^=aGc%Q\rz\n\0\0\0\0\06\0$`\0\0\0\0\0`WM\0\0\0\0\0\0\0`!\0\0\0\0\0\0\0	0\0\0\0\0\0\0@N\0\0\0\0\0\0rb	Wa0\0\0\0\0\0a*\rL\0\0\0\0\0:ڵk\0bg\0\0\0\0\0صphbҥ\0۠YRL)$\0\0\0\0\0Ζ\0Ѥa֬e\0\"}>W\0\0\0\0\0dypafǋ3g4l>K\ZҐ^\0\0\0\0\0v=V2ur<3Xdg͒>+gFH!ϓR_\0\0\0\0]EՠruԑqC޵Sao5#X6Ϋ\0\0\0\0\0\0IeEY蛻_\0\0\0\0\0`WGɆ=ؘ,-do\0\0\0\0\01pRJ``c^\Z\0\0\0\0\0\0ؕTg{ukr`0\ZK~7,\0\0\0\0\0UT\Zy\0\0\0\0\0\0\09\0\0\0\0\0\0\0/0\0\0\0\0\0\0@N\0\0\0\0\0\0rB\0\0\0\0\0\0\0UF6iE]o\0\0\0\0{hݦmn:+`KhtWU+WD}\0\0\0\0hkwwC\0\0ةR\0\0\0\0@wC\0\0ةR\0\0\0\0\0MC-\'\0v3\0\0\0\0\0[N\0\\\0\0\0\0ll10\0\0\0\0\0\0@N\0\0\0\0\0\0rB\0\0\0\0\0\0\0`\0\0\0\0\0\0\0=ǗtqL|&:w\0\0\0\0Z!c1ɦ\0ͨQ#wC~89lLըɁVZGqh2$64sM)Sƽd5#\r\Z;++tllu!;xv3L.ψXpQ|{Ǩo(#G|;bYIk\'+i,(\0\0\0\0 >g]zWq?i|.oΝfc2t7n\\1,,)SO>9!\Z\ZvҷV[,_\"3c{~<Y-*x\0ܺu먫˦v?Yo?ۋ7CI{nj,^(zYW_q?ÇǕW]<L{@ۚ\0M6w=y=o,?SH{󶧡ÆĿXbeL4)+ȑ~@s̉}1)\0\0\0\0Q~};n駿&=3{nqzk	\'|Rte=O.^4ߛd8qt`qzҥӢOѧo3f/~_k:mG_xϻύz8:u7x]\\w+_ZVJ-\Z\08+WJw:tO:!6mzV3w7n\n~OO5kd5\"9dLy_~R<ȣ1|b({{^VZޖox#Hə/̌}ҸDCÆeUqΈ|Pl~g|gjl~o|3, {FLxtCo#(ϛ7/ƷR\0\0\0\0\\xч>/?M1.?,No-0;ѶmdˬX\"~y1aĬe,ܛ,?Ïļy󳹍=m92=qŵ./G}}}VcJcO*ɟXxqs;SuMu|AzDjȣFԩ\ZgFwv衅q!N\nŀBrmٜ<%`v-	?@+bunߺM8̷>ڥKw▛onrh,YO\08yYַo̘BV\0\0\0\0 {,ַX?!k8zܱ/i%LO_;9~;㳟BVr_6h8ؔ/k_VVss7-]K[gqz|gS[9\"#xbrш}Fkԝ9lO~4mo}qM7gM;io>+\057\0N>Oxbί;rlNo.ߣ{nϣqgɌ3կ~mu?Z|=S|mIO\">>l4.P<;yr_JtC +ٸ-3JۙzQбCX\"~Jۗ<Cqww\'i^|qfFrJx[ѩcuwGK*\0\0{SO}y\'WG?߮)o9Wtk	ٙ~+gf%[fg9O;.GƮ?OǡSN~bVTZۦV]Ѹ۳ҖѶ].p|k.+mt/W3Ԛ*,{IL>#+mѣ:+i?;mV0n$mڏ?G;;K޽oySq]\r{?\r_TUUŝwޱoIv=j+mzllAū_l-R1)XIgʚzMIFyU dc^W5GTwBv]ؖ\\D)Mo*Hlw\0\0*u>;}?;={bh⸮^XdIW뤺i9瞽]4tb\rw67ݓ糒P}g?;l\'?a=WgSDaVKJ39>//lUo?ob/ĩsKKnz6<ECz\\\n\Z\0۷%-Y_ڿ;5552+ٸlW~CBCmmmLynJolݯu=}`pWӷq\rZlUB4]ePBe˗7gbYRuKMe*\r}dӿ}\r\Z<x֛yJ\\\nIi[}jR\0=>/5k矏߯wſ㕬^]~{RT7-G?EYM}\\y%-TT]yYΑC?XlyV\ZeSZno|ִſa\'e-OO}stX^r`\'?g+mOt>bH<NY([Ҙ1؜ԔiH7	.&>t\Z5*rU\\GKJ~+9H)\\)tf6%)IϖwUSY)In\nr{} UZWy;z <Ja#\ri#]>X64\0\0nذpxϻω{|#?7i^eҲ/aÇg`q\Z>8i<yoY-.ᆛFc*Sw/?6+iY87-%`-9t{(v=ftvء[4{Hqe<Wŋ&.[Um\\ַ!C:fS͗MйShX[w~g̛7?GoQؕ5??xaƆ-6g-7KG?>߾j3+u9~bko=8xTO<s+p\r}8uTw3}nR,{I~ӟ׿lQeO|̘rs΍<J7qƤnW˟)gUZ򦖊-JKN[Whl+M-{y%)hN˥|h=+)mJӕ\0.-_R9\r+cڮn3N˷;`eI9Ƥ|:Ɛ?)lS:nM]WFysY:_*wSɖ^%[OM)[%kbS9/?oCS/mR>IymJzL\\ulx|ۛچU\rfZgt}]YiIi/^}ogD\0\0W~w&=9ӿɕ?}\'.ࢗTM`v+Q3Ʒf%Q|Fn<#Ų\\b+~te\\uϊe_5kV}d%;7qIspg%RzM6?Aޒx~;\ZN~_ŕW4+ٸ38=勳-󅋿\\lj!СCoё{lڎ\riC)5je>\0>)=5c[*>T: 4 ؖ;bJ_u?,oJz2)M˥p$:i^yKۗR4/+N`9\ri<͑BB)]}\nӼsJiRd\r\0T\nkvR|-Wr4!)IL\Zx7Mm/THӔ%HKY:\0T/KiriS+R8)KHJu*Im\n]ܥ|_q˒TZn:~:_]x\ZO9R;qK+tJǶ$:9cX^okm٧Jxwcɦs:64$`0Ie۟n릴L67uKnI)L-Kۘ].~JncR~BvMkޘ]MI/6Q\0\07ѻw14ouilZGs_,Xݻw˦\Z@KP|o4`7ӧO̝;/j!Ry%&Lx{M7{֬b\0ܒ=?]]O8Ʈ+s7zew\0?ē`l;آTLvljH/IݒΙ[qsTSO.kƱmyǿ +ɗR@[6MAl)Mؕio\nY+בCMm\\\nsKR5m;XV7yIδ}7ݴ{mi6%G)@(Br! 7PRj)@T^\nRL)N\'^s¯H!Q\nVWޥuI\nRPSJXmR/O:f%|_J-+?fz5[\nJJ,ߗ4%Oʷ$4?o\nJ:i<mo)kb[)xZ&+[6^KAy\nwo16msN`yI*+߿ikZoU~6%->6rIڦtͤ/?z͹7:M^~nLKԾW^IS`s\0\0z|bBuӧşxߘٸ?6M}ug+|;p-%78昣#/WmVԩcLxrV\\]46rZ(^!Sp\\uuu:vT|wKZhq<~bWԧY]Oj`3Ӳ;	W\\z{,_,:u#+Ů:;ܒ5J3o#??#;qǟJ`ח|0^S]Yo.^qi4+6J_~ru@ᇔUJSk4zکY馥n*/$`{-NK?yN[HPeY\n6R5!TZnnurI)pJ˕`))WZWS-TSzz\\ڞRIy$}Iҹܾ멩ecZo8\'iKa^۲OMIi\n\ZIat4s{IVt˯ۤ)Jˤt.SI8T^[s)e˃J[RzS*#}tnL˝ҵ\\M\Zl\0\0]לsoߘ<ZB\'Ncܗo\rolldSS|򓟍O|JxeVokK3wn+:fg\0-oyss/;.;|lqaq-aa~a1{vk):mDK΃tիV-VG$:ꈨq3nIi?J8Nyǝwf%wYz.6짿.]_l7\roxCt1~/4\\@vcR7Ie̛VIS!qeYj@Z/o,ciYy#>KABr)(5Sp*[Q:NUW۪P\nCJ;\rnK\nO+ݕ]nUn§tnr멤9Ǻ,kbK)]KcNSkuQ{cvg)om[򧡲;ݫIҲi;JԜwcWM	gO:5ԗ#$朓$_\0=M]m]7&Mj{Ҧ<1``2;6mz$g4=h]ZR3-}VzYW?pE\'xtFU-)֥:\r?ԹS\rs+1cFaEرQvh\"[\nSH2֝&鏁%6637.=tlG?iY?nx\nX}:c▛oJ)mJj]\\+b@o/釆JM\Z[h\n)R۔R0^7*rBR+JަZZ,)`*p-<T-WT_7&(kR WMi˥nSx-ԵT\\[O%he֡iT\Z2)Nۛ}{(Мe:G>]ۛj}%ʷ|ؘ\rmeoS\nG_i>\0\0`o}\n?w{l{+v]Xbe1l*NuW^]\rwc{Ő⋿O?/j,Y$.eOcן.>ܳc><lVcsk^g?\rUewƦp4!pUUU6wdWWoڏ~x[ޔn;ٸ{6+>?BG?.,½+Q,[,.¬4~u-+-=S7k|mivkRYTDol-`!.U˥Rk@@J&i,uDm)M\\T]\"r6|&jK|RpTǒ\rSw<ngnqnܖ^[O͑.o4ٲ[{8_:^ST)@k7un˕ԗҽ^Hsk+5o>\0\0`8򨣊}O50|4^rƐÏ($};埯Cyۚl޽[}ĬY-ߍr\nq1tϋ;3Sϲnx˛ό\";bOpUsnI5Y=)rdM[lh+*>K9=SyKw;J4M!i\nK,Y\\N7|w4|/^hx\'3D~gqzo>>?7/Co~|ckf5`r9>_Gݳ9;~S7lذ8svsE-]^|8ƠAK,+n/{-}ӳ{˥ֳEo)\\XL7oIM\'\\ޚ7o;X%IsKR֕awגV)(IA]woز1)SR\nbk\n9z}REe\n-ly׷k9Bu\n=\n{ӳ2{>]ѦJSYTi*ֽM)T[\ZH/_&tJ磩96%t+r-mh8TV>1ؚkbkiS*S5u+Xv{*BVyK.;mOS}nJSON(ߒzk󟮭Lls_j٘>\0\0`8#Aӄ	u?{qI\'48/<(0&<oz[?畺+G/,\'~rg{M\r6ī^s/񅋿ݛcd#8%͙37ofkbS\Z⡇xpGyR5j-i&[M}CbgjݺuwogV5=u\r}.m	,K.ƶܑG?UrŊW\ZfߖIx{[|0t;,]\Z<g6e}+_#V)wm?[zWzp`Nk\nSI{s.v\\.KAmi$).W\\Sڇ6i)HIx ƺh-STKdSЦ<IoyP֑B0=Muʷ%T/¦ ruca߳r{*]%ML阕=KU^?)ߏ(-)YRY$-Z͖_3M嚚k\"ْ}ڔy_u_NjלmKJc:\'DӱL-t+}5ll{j3m>sʏ}^,y1Nzwiҗ*߳\\TnWs\0\0~wp6uկ^R}{ԫbsS;^|Sf̈3|Gq~su5]C\nT_{*zrX_;aǅ{շo/*v[׿=~륆gx{K,}^ύO:-_6~ua٪Z2\0fKAQ㎌CC)u׽ck.g[$=3䪫+{?=/Ly>cxШx׻4ꗿ7eK=Ƃ]{)\0\0./{]/wY.9⫗|y]/z^pQ\\{u\0j۶MŮ2vWӮ]\'>Rl|\Z7y]1AS~N)w~g|_u{y^_/f\\C^qj/~+YM\0T\Z\0\'wPs;+i\'WF]m]Vv.aǦ6ivs_(ߎ\0\0:pd׻kymխJ7Ժu8ӓ&œOLJO\0C|k;ԹSV\Zkf;G[W8zs\\Kmy3ON=``u-[cOӾg=T\"\0\0\0v60^\0@zq\n|SiHg*\0\0\0\0N0\0\0\0\0)Z\0l-\0\0\0\0\0\0rB\0\0\0\0\0\0\0``^\0\0\0\0*!\0;UMuM6\0\0\0\0!?r``jݦm6\0\0\0\0!?r``jݪuC\0\0\0\0P!0-#\0vmE3=\0\0\0\0`OVſF<tm6\0\0\0\0\0\0nL`\0\0\0\0\0\0\0\0\0\0\0\0\0\0\0\0\0\0\0\0 \'\0\0\0\0\0\0\09QթS8\0\0\0\0\0\0\0EW\n\0\0\0\0\0\0r@\0\0\0\0\0\0\09!\0\0\0\0\0\0\0	0\0\0\0\0\0\0@N\0\0\0\0\0\0rB\0\0\0\0\0\0\0`\0\0\0\0\0\0\0\0\0\0\0\0\0\0\0\0\0\0\0\0 \'\0\0\0\0\0\0\09!\0\0\0\0\0\0\0	0\0\0\0\0\0\0@N\0\0\0\0\0\0rB\0\0\0\0\0\0\0`\0\0\0\0\0\0\0\0\0\0\0\0\0\0\0\0\0\0\0\0 \'\0\0\0\0\0\0\09!\0\0\0\0\0\0\0	0\0\0\0\0\0\0@N\0\0\0\0\0\0rB\0\0\0\0\0\0\0`\0\0\0\0\0\0\0\0\0\0\0\0\0\0\0\0\0\0\0\0 \'\0\0\0\0\0\0\09!\0\0\0\0\0\0\0	0\0\0\0\0\0\0@N\0\0\0\0\0\0rB\0\0\0\0\0\0\0`\0\0\0\0\0\0\0\0\0\0\0\0\0\0\0\0\0\0\0\0 \'\0\0\0\0\0\0\09!\0\0\0\0\0\0\0	0\0\0\0\0\0\0@N\0\0\0\0\0\0rB\0\0\0\0\0\0\0`\0\0\0\0\0\0\0\0\0\0\0\0\0\0\0\0\0\0\0\0 \'\0\0\0\0\0\0\09!\0\0\0\0\0\0\0	0\0\0\0\0\0\0@N\0\0\0\0\0\0rB\0\0\0\0\0\0\0`\0\0\0\0\0\0\0\0\0\0\0\0\0\0\0\0\0\0\0\0 \'\0\0\0\0\0\0\09!\0\0\0\0\0\0\0	0\0\0\0\0\0\0@N\0\0\0\0\0\0rB\0\0\0\0\0\0\0`\0\0\0\0\0\0\0\0\0\0\0\0\0\0\0\0\0\0\0\0 \'\0\0\0\0\0\0\09!\0\0\0\0\0\0\0	0\0\0\0\0\0\0@N\0\0\0\0\0\0rB\0\0\0\0\0\0\0`\0\0\0\0\0\0\0\0\0\0\0\0\0\0\0\0\0\0\0\0 \'\0\0\0\0\0\0\09!\0\0\0\0\0\0\0	0\0\0\0\0\0\0@N\0\0\0\0\0\0rB\0\0\0\0\0\0\0`\0\0\0\0\0\0\0\0\0\0\0\0\0\0\0\0\0\0\0\0 \'\0\0\0\0\0\0\09!\0\0\0\0\0\0\0	0\0\0\0\0\0\0@N\0\0\0\0\0\0rB\0\0\0\0\0\0\0`\0\0\0\0\0\0\0\0\0\0\0\0\0\0\0\0\0\0\0\0 \'\0\0\0\0\0\0\09!\0\0\0\0\0\0\0	0\0\0\0\0\0\0@N\0\0\0\0\0\0rB\0\0\0\0\0\0\0`\0\0\0\0\0\0\0\0\0\0\0\0\0\0\0\0\0\0\0\0 \'\0\0\0\0\0\0\09!\0\0\0\0\0\0\0	0\0\0\0\0\0\0@N\0\0\0\0\0\0rB\0\0\0\0\0\0\0`\0\0\0\0\0\0\0\0\0\0\0\0\0\0\0\0\0\0\0\0 \'\0\0\0\0\0\0\09!\0\0\0\0\0\0\0	0\0\0\0\0\0\0@N\0\0\0\0\0\0rB\0\0\0\0\0\0\0`\0\0\0\0\0\0\0\0\0\0\0\0\0\0\0\0\0\0\0\0 \'\0\0\0\0\0\0\09!\0\0\0\0\0\0\0	0\0\0\0\0\0\0@N\0\0\0\0\0\0rB\0\0\0\0\0\0\0`\0\0\0\0\0\0\0\0\0\0\0\0\0\0\0\0\0\0\0\0 \'\0\0\0\0\0\0\09!\0\0\0\0\0\0\0	0\0\0\0\0\0\0@N\0\0\0\0\0\0rB\0\0\0\0\0\0\0`\0\0\0\0\0\0\0\0\0\0\0\0\0\0\0\0\0\0\0\0 \'\0\0\0\0\0\0\09!\0\0\0\0\0\0\0	0\0\0\0\0\0\0@N\0\0\0\0\0\0rB\0\0\0\0\0\0\0`\0\0\0\0\0\0\0\0\0\0\0\0\0\0\0\0\0\0\0\0 \'\0\0\0\0\0\0\09!\0\0\0\0\0\0\0	0\0\0\0\0\0\0@N\0\0\0\0\0\0rB\0\0\0\0\0\0\0`\0\0\0\0\0\0\0\0\0\0\0\0\0\0\0\0\0\0\0\0 \'\0\0\0\0\0\0\09!\0\0\0\0\0\0\0	0\0\0\0\0\0\0@N\0\0\0\0\0\0rB\0\0\0\0\0\0\0`\0\0\0\0\0\0\0\0\0\0\0\0\0\0\0\0\0\0\0\0 \'\0\0\0\0\0\0\09!\0\0\0\0\0\0\0	0\0\0\0\0\0\0@N\0\0\0\0\0\0rB\0\0\0\0\0\0\0`\0\0\0\0\0\0\0\0\0\0\0\0\0\0\0\0\0\0\0\0 \'\0\0\0\0\0\0\09!\0\0\0\0\0\0\0	0\0\0\0\0\0\0@N\0\0\0\0\0\0rB\0\0\0\0\0\0\0`\0\0\0\0\0\0\0\0\0\0\0\0\0\0\0\0\0\0\0\0 \'\0\0\0\0\0\0\09!\0\0\0\0\0\0\0	0\0\0\0\0\0\0@N\0\0\0\0\0\0rB\0\0\0\0\0\0\0`\0\0\0\0\0\0\0\0\0\0\0\0\0\0\0\0\0\0\0\0 \'\0\0\0\0\0\0\09!\0\0\0\0\0\0\0	0\0\0\0\0\0\0@N\0\0\0\0\0\0rB\0\0\0\0\0\0\0`\0\0\0\0\0\0\0\0\0\0\0\0\0\0\0\0\0\0\0\0 \'\0\0\0\0\0\0\09!\0\0\0\0\0\0\0	0\0\0\0\0\0\0@N\0\0\0\0\0\0rB\0\0\0\0\0\0\0`\0\0\0\0\0\0\0\0\0\0\0\0\0\0\0\0\0\0\0\0 \'-^6\0=F5ѪUuTGuuUV\n\0\Z\ZF}}CYuY)\0\09\0\0QR۶m+/\0Rz\ZA0\0\0{]@\0h߮uoZ\0{o~?\0\0\0{\n0\0\0{6mj)\0`O~\0\0\0{g/\0g\0\0;0\0\0\0g\0\0`\0\0r-_\0 I?h\0@	\0ȵV\0g\0\0O\0\0ZMyl\0\0@\0\\3\0P\0\0\0\0\0\0\0\0\0 \'\0\0\0\0\0\0\09!\0\0\0\0\0\0\0	0\0\0\0\0\0\0@N\0\0\0\0\0\0rB\0\0\0\0\0\0\0`\0\0\0\0\0\0\0\0\0\0\0\0\0\0\0\0\0\0\0\0 \'\0\0\0\0\0\0\09!\0\0\0\0\0\0\0	0\0\0\0\0\0\0@N\0\0\0\0\0\0rB\0\0\0\0\0\0\0`\0\0\0\0\0\0\0\0\0\0\0\0\0\0\0\0\0\0\0\0 \'\0\0\0\0\0\0\09!\0\0\0\0\0\0\0	0\0\0\0\0\0\0@N\0\0\0\0\0\0rB\0\0\0\0\0\0\0`\0\0\0\0\0\0\0\0\0\0\0\0\0\0\0\0\0\0\0\0 \'\0\0\0\0\0\0\09!\0\0\0\0\0\0\0	0\0\0\0\0\0\0@N\0\0\0\0\0\0rB\0\0\0\0\0\0\0`\0\0\0\0\0\0\0\0\0\0\0\0\0\0\0\0\0\0\0\0 \'\0\0\0\0\0\0\09!\0\0\0\0\0\0\0	0\0\0\0\0\0\0@N\0\0\0\0\0\0rB\0\0\0\0\0\0\0`\0\0\0\0\0\0\0\0\0\0\0\0\0\0\0\0\0\0\0\0 \'\0\0\0\0\0\0\09!\0\0\0\0\0\0\0	0\0\0\0\0\0\0@N\0\0\0\0\0\0rB\0\0\0\0\0\0\0`\0\0\0\0\0\0\0\0\0\0\0\0\0\0\0\0\0\0\0\0 \'\0\0\0\0\0\0\09!\0\0\0\0\0\0\0	0\0\0\0\0\0\0@N\0\0\0\0\0\0rB\0\0\0\0\0\0\0`\0\0\0\0\0\0Zxl\0\0rkvbyq]}7%W-|1j+tn8v/nf\0\0!0\0\0&\0iR\\ڳ73}q٫wG]ǅ6N\00\0\0yh\0\0\0\0\0\0\0\0\0\0\0\0\0\0\0\0\0\0\0\0 \'\0\0\0V_8ӊkP|ygݜGPx7㷏-,{}qe[oV\\͉8}-l#1q	\0\0\0Q\0\0\0)\'ecS7Ƹ㭟m\\Xpaq5q|\\}߼1Э97.z|LոG\rq89qIT5gcɒxgi}wOŏ|}s_⑩p#m>78 \0\0`\0\0\0YrC|͟^,ѮK޽K+&[7%|9qYEZ78S7Ĝ`ݲu,lVWܕ_>Wئvѥc무QsO]eA8\0\0\0l	0\0\0\0߈ۗesqkyq7ŝA~نi/*7N,k.}L+,{K~%qj1mf6wݵ$^{{Y^f\0\0\0	\0\0صV/snM82>ŀl2s_)QuuRe[9%FlzGhGgһc\'Fl:Mgi\0\0\0h0\0\0\0{un}Cl̾o훍ǢxެKǞɍcM/i࣏\r;~.acbܘ=+\0\0L\0\0\0eXƀ}4_흍xƑXotbЪUoڥstF\0\0`G\0\0\0k_\0\0M\0\0\0khXSv7+3kZLF74%NF\0\0 g\0\0\0Z\'Fcqϣx;ǲ񂽇gO-_uD7mӲq\0\0\00\0\0\0a+e1? jTQRzPpx:7o?)W=߻\\6	\0\0\0y#\0\0\0ESN_LjwM7}1q>xoECqnuΏ\'\n6\\6_y	=^v=Ol>\0\0\0\0\0\0ѰjI,\\pÂ[>qŻFlzٔK>⪛_RN\\?@s&-][˳X^)og\0\0\0 g\0\0\0Z68G)^83\\葕:~?^ؿ_޽{^=\0\0\0Shʵ8\0\0N.1`wjዱpU6Q)z鼮u𖫋k>pL|e|^m\0>P\0\0 \0\0\0`׮{?6\'.7_ruwݏe>?H\0\0@~\0\0ȑysNS}q斿ėX֯1,Dt:.^1.\0\04\0\0hM\"|⹺`c{ǩm|$=.\03-\0\0ȕ#Czlh7\"\0\0 w\0\0 ״\0=ܪ3ǽaqOM?E7-\030\0\0&\0\0*	\03]@\0\0\0\0\0\0\0\0\0\0\0\0\0 \'\0\0\0\0\0\0\09!\0\0\0\0\0\0\0	0\0\0\0\0\0\0@N\0\0\0\0\0\0rB\0\0\0\0\0\0\0`\0\0\0\0\0\0\0\0\0\0\0\0\0\0\0\0\0\0\0\0 \'\0\0\0\0\0\0\09!\0\0\0\0\0\0\0	0\0\0\0\0\0\0@N\0\0\0\0\0\0rB\0\0\0_<Vgڕ!bjڅ/ƳM\nS1sb.tm\0\0\0U-Zrm6\0\0ӵKl]ɴO&25mE#FMV詻i^Y.o#q݄QGǨYَ>GDǬx\\x̮G#GFžUc{G,75%#OI㻠_ZRqbڃ,^*\0\0\0hquQ[*:w\ZݳE1{㿏/X׊aM]nՀq״T}cc^v7Uؖ1pȠ7-e[vFLS:2^{+߂YS^e=S^;}_ZRo\Z`\0\0-M\0\0\0mzǨ#qp\'Ƒ[ǊbW#;8tH`gk>,?wʹc.,_/kW\0\0=.\05]@xtqGFhqӣAcD,x}j}14rScX[::;FO./<O_u\rQժS8b~~L?!&/XkVGM.~eLxGcҜgִ84~ߦz1ؗY4?8!-^9l\'R6}pfr<-_N}bCbFod?;?zu[?sPm1u/\'o?각eű=fcyXv#{MxNt\ZG6o/1qyb<	dqҨn <h<0yn,-{xvV:	鎸ܞqEZSk}FN6<\ZVƴG\'_,;#u͋ںikȓ˽#Č%rMam8|TPQWW8Daݻg̝;?\ZjcMiݺ&Zjyc21)cRb챇Dyǝ)?G<[JE	3js3\"8|Ht)V͎\'S{U1Ccu7v\r> /}&&]=G5}/=l[^9$F /5x!阹B\\xlŮC\0\0Ff\0\0G}ה0큩̀uqȾjsqb޺~ģO,=8CcT?޸ڬҲp1qqM8xq>]Wc**x|3uMx䮸gb5m8l쁱=]|pL].;&;dx\\T1if/̯u}6ND<k?3gZ>+wR,jTz2\recQM=8amﮧp\ZbMZO\n&˧O/Q#c~St#º[6>z;pFm^+6EpSݢ1mYVҨaڌxaUUt}`䜨w;&7jLʯtGy}EGD̀qШ1^n#N:\"Fs?p-vSBƇk殸Ua~qqGġCKn\n[:)e\r~i[Zw\r*_eɂx%ر{GY}=O\'Zx$)݊Ekb#6\ZͰnQ?an<t#1yY<8b@xzu[؆XS.1lq\rbN	;\'9mi};/۶fK{}vEV\0\0e	\0]Īܨ\ZeEXOMkz/;fd3\r;(N8vHt\\1=&L)6c###F^Ĉ1cbXX0gVVgA,\\>83:qAĐaRÌ	v1^cԑؾkcbKyr^DǸcߘ󓢔I/x٘]-8oB1Cڭjiǐ\ZkΉڽűdmzA1WwDwH>ppt	7Pط^vHJ۳ACG5cFvJ\Z>SVA?N<&PdݪciY\0Ƴ3Nc ↙Iwpr~1d`m; lpl;81|dK\n.:!cǌ}.>eGjHڪs9-:z\r6.;P֭g*ÃfM<$\n,e\ri5b@a|{3eK)l稁=q~=bYZ9t`_8m9|sSX)cF҉cZ]8#c>ѫqd\">Ț{ǉ\')ty@,Qi-нڅ1gfV\'{{CV޻\0\0\0J\0\0\0s=ᾸyiȾ1ĪvN[ѥW_<ѽ]C,7^u1px읺_]31oeF}=͘g/.v)\'i5iΜ]nZ2w\\ؖb*M{@_oh.[毈7u+-tЫoL]}Gd:>arZ-\'١kZ^1l~un%Ěl{^(ֶM=CzGb꼬vF\\m<sƂ6o\\wо\"]WMp!:SǊfj[wwHH$7ŊµhԘdS	Vy2֩.6o;Au|6D*z\Z?z׬jś?֗˫\ncXh~ظXQF7MUxi]cs\nWKm^Ƚ[#V\0\0\0_\0\0ձdX%ѦsIqҁ=EeX]xYq1}UuRzqӿ_wsaqc+c}j\rw}.n4VXBܷ{^,/mٽSt,l몕;ڨ[Sxi%uں\0%vkT3g67Ŀo}8&/x\'M؞5qaaޠѯ=#u\\TǀL[E뗬[tX8Wn>V>qYb3YnkuSPn{hJ,o_uEDѮpVH]{(G6}3\ngnu]Q7[z.;k]xtު\rɽQ߻6/8\0\0\'\0\0\0vvbi\'ǫpʱqa#cH%1r}+u71۫8?^|4nr~4\ZǾO_q\\ۥqvIu!1SWT|^Ų[/;oNY^Ymxi@mڦfmuw͚\rM-kndKxCh28UzqAѩvNųS\\V7MtE3ޱw߶zbꬥѪ^[v*6gb6!sKԮo>8/SǍҳ|7bciN<1{%42.c۴Mg:F\ZĽchqx|nC8u95^}Ⱘhlۚ[\0\0ؐ\0\0\0=tD,3\"hYsgϺqX0oIუWR<7/)4_^x!ЩmZۿWרZ9?^L\r4,5aq=\rY¼X흦:Dnm#όװ jSthWخeK6طWկ3/,մ\ZSwֳl=:GUx~fgg,Ԧ10:΋Sge׀~3W93SweV͌9K#t-.6^oò%d4ŒKautHϑ>5bsb_hlZ@q{&7fόѵGT߳p,+nļlbCȽ{FRǽqlt>L\ndUZ \0\0\0v0\0\0\'mόE~ٍP^]U,iO7)<x8ѪÏ@xҔ:*&ffYL<oeŊyλNZf辱w1^2x48Z#^b{7,IwM\ZNw@oթ-zwkkM;\'/>cu޳݅WtԧG{uJwyQW5z*m6Ňn;6}/ZIFN1M>6{b=ΏWǊE3ほEzY7{FV\r1bN@LʖbCOK)tL[ѶGוּihUQtA,Z^eܻ{tZK\n\rbgN~{&Y?7>{hfNq}0;sBLOϞ.ܳµ؜f!Q_XySgEDswptiO۸mϥ\0\0`\'\0\0\0#+4n\rwǃ3FQG_on&.=xf/5$,8\"\Z/.y6,\'=+IˣӐ1qxq6{n뮻)nXq8}scͫck\Zn[k{>h}fP;ؿwU,l<=e~C!1`طk|ջȃEꝺ~cclֱx/^!6&٦L[|qc̩33cYzl)٫{֮}Dc_RFyO7pspǣڞq1ccu7;bxtZIϘmvFhT5[o릸9;\\ #{G֛o{-aq=b͋_x|aop]mcҔ61x̰gh<7<[S֨ݰ8`zt]w1bvK{\n\r{G|t76(/kܶ>]?دkV\0\0eU-Z9i\0nk嫢.ZE.r+ԯeDux}]Z]nb=\r+cE]fֵyn1n*N\'{Uފn]:ljuVVSswfk~4oQ<v]nzU1b\ZN7sjbm&TrMui>\nbhS~[7>&/כc[tm˖hkXdU6\0\0Ϳ\0\0\0h۱ctDh۩PgӁm\n~66훱+lhͼq#s˞gZ??&<$-ږz3oi\nV̈77zn|VƳ͍ڪesaA<삈bMAgMtm*d,\\}{mKefXn{llm?\0\00\0\00حs#ZiUnC]m1lܱqpPVŔwcsRVQS~M56vCLxt^C7=XJ`\0\0L\0\0@	ٽ4D1}X&Zu.-w9+bhնs+lyfC,yqZ̭}\Z_ \0\0 \0\0\0\0$\0\0 \0\0\0\0\0\0`\0\0\0\0\0\0\0\0\0\0\0\0\0\0\0\0\0\0\0\0 \'\0\0\0\0\0\0\09!\0\0\0\0\0\0\0	0\0\0\0\0\0\0@N\0\0\0\0\0\0rB\0\0\0\0-a#qĴl\0\0\0v0\0\0\0l\0\0\0v0\0\0\0\0\0\0@NT-Zrm6\0\0ӵKlh	;!|Yum8⠾>+fNVڪhuP|1*}&yl}1[aeL{x屺!Zu>#uXO`L_A7kwEc)ccj<7MG:\n\ZƳ=\Z攭w߃]qu61鱰]=e1{a/=3z!<blαxɪl\0\0G`\0\0\051bEq1v\rYS+;QGwt[9=ɘՉecQM=8a:T,(Vh+z.8$N8ݿ&?9>O-zڹsbd~̝_[1kVV3k~t)U1ex|֚6dd6?w½ۇ}O?:\'jF3jg}a+;]Ѹ \0\0\0@`\0\0\0Q8a478nXX3kr<F^{ˎ#v^qVb:1oq,Y)rP1)BSXv>ѭc28z̨اoc;}Ed91Wg1gaC7z\ZfL\'E{|9pT6ux~R<u؃aGO?\'c_X~x=V\0\0\0\'\0\0\0`;7wb5ĈaK膨]<-_X\ZŹNm&ǬE+}bHNѦlЮ:\ZO+jӺDW۬OX0gQq2vu6$Np}ݿgΜ9cMޱ_~a☷p%z+\"f_ѵo)G꽾l\0\0\0Q\0\0\0lgm}\n\\FXqzx^t{tc쒆u-5*3j?ᘼ}C;7\\}\\;	bE{,ҫ_#:\\gpM߷qk#jZ^{\rj妞Zuk\n/Zd^]+\n\0\0\0l`\0\0\05QA7k\nmw(wELC;x^{㴱}+B28UGjwϔ߮o>8/SǍ#=pBD=Y1wiٯ\r{G6KcU1oъhջWW~U^۰Y,_/mږ7TUU&_L\0\0\0x`\0\0\0%1k	icQtn=S;//nQ}F<\"_=?fL_iM5mFa#㸃F\rszoC],==f--WǨ]#V/[؊FzEepXڦ[J{Ǡmb\n*z5V͏J\"ά|a^aSv	]O>.opVŬ`\0\0\0v<0\0\0\0YM,@<:cq^:x4(ط]c1}i]4 wƄkHgKVM}:|wX]O</ꪺFV/={l=OǴ%m{.)}5ċ3fG~\n3{N̉nѷym{_S &[Y؇0iq3$Fl\'~.\r{\'E/疷jd^|4K]`?l\0\0\0>-^6\0eS]ۂoۧvS\ZˊqVGCcYk߆%]w?\Z;Jj5ٷKxr~=e1Gf7ToȘ1_0RXX[p:/>$}v=qSKA1C\r람yW;tW͌z\"^\\QouƢuVz<~hf,oܮV]QǝO/>>0+xa[ ;%z7\0\0\0\0\0ZhC]XYѺ}thTT\rQre6F\rTVS\n5Ѧ}hRCXQu\\Uu嫢nP_QS{.ha`\0\0\0\0\0鹼;n$MR`1:m*Ml,DMjڦl7nӾޭ	h\0\0=\0\0\0\0\0\0 \'\0\0\0l7Fi\0\0\0ey0\0\0\0@%\0\0 ϴ\0\0\0\0\0\0\0	0\0\0\0\0\0\0@N\0\0\0\0\0\0rB\0\0\0\0\0\0\0`\0\0\0\0\0\0\0\0\0\0\0\0\0\0\0\0\0\0\0\0 \'\0\0\0\0\0\0\09!\0\0\0\0\0\0\0	0\0\0\0\0\0\0@N\0\0\0\0\0\0rB\0\0\0\0\0\0\0`\0\0\0\0\0\0\0\0\0\0\0\0\0\0\0\0\0\0\0\0 \'\0\0\0\0\0\0\09!\0\0\0\0\0\0\0	0\0\0\0\0\0\0@N\0\0\0\0\0\0rB\0\0\0\0\0\0\0`\0\0\0\0\0\0\0\0\0\0\0\0\0\0\0\0\0\0\0\0 \'\0\0\0\0\0\0\09!\0\0\0\0\0\0\0	0\0\0\0\0\0\0@N\0\0\0\0\0\0rB\0\0\0\0\0\0\0`\0\0\0\0\0\0\0\0\0\0\0\0\0\0\0\0\0\0\0\0 \'\0\0\0\0\0\0\09!\0\0\0\0\0\0\0	0\0\0\0\0\0\0@N\0\0\0\0\0\0rB\0\0\0\0\0\0\0`\0\0`//Y\ZuYIѪb|\rJ\0\0\0-^6\0ڥ]6Y59}U٫#ynH݄_ƹ2_Pu1Ň~D4.3qhqf]΍c#_wֺѬ[ߍDtַchtf|%jU\0\0\0\03u7onc[7[bAV/eS͊oV?.\'q+R)8mE*dq뭷gcIL3ͻ-z!+mC3\0\0\0ݓ\0\0\0rei\\ssuT\\s}w-0vXv77gq뚥`a\nĖZKK~N֊wh,~]\\owshlи	փ\0\0\0\0\0+ݏ??1sOpѳn~uJVj	|v&5qbYi51})?\\\\xVTw^Kuu_Φ;6zۗ~6Ż~1%+IoЂlzy9,g5O57<yMZOa/kLL]W}\"*)/o[Lo\rsnoskZY\0\0\0l90\0\0q:3ĥCT|;ߎO/+iڂ}8^oՏ~QLq?7,)VnVָ&e/jqcW\'bu,ޠsi/?NZ+z/}/>ίƍN%/_PoVL7|+7PW[cҢt},t]\\7ą*W}>8k+[Y\0\0\0l90\0\0JxΊ\n?/{8W#>}/E\')n#7^7~>K7nK7_*Zv{ư\"nxSq~ݸW:1~nhΊxV7Ĵ_9~1=Mƪ#vSő#1n,xY,quf~;AgD㛿lܰ%W/~\\]?Sq-7Wx/(蹘Cb7ߏWg\0\0\0\0;\0\0\0r]{U\\11cM;1x\'ī>sK,5C~Ǘ⇿Q5t΋scfϝb4[D4L|mf_4>{o42 N~MV8il\Zi7?ovޑq[->QW-<TXM=y\\+_yOSSO#gk/:3Fd\0\0\0h	`\0\0ȡ}Y*疫㊋Nb\rɿWĸÎ_uFSvc>Om\"Yy<xHtƓ~}{7L\ZS\nZl\\w}p\\N/\roMLG~ݪi\0\0\00\0\0ɬ{Qz\\o{g}3ZFCLxMz4wW㺉KI~yM\\w]37mgON2X68+oaK\ZխY8ҩstјwS.&ϗ_t\0\0\0\0;\0\0\0r%_K>Sw\\|m13e^|8ѧw2>s|\n3Kua/&M\\Et݃Dпu}P/Xc_tYZ\Z=03zCx[uѪX\0\0\0`\0\0@{c+\r7:9^c;7WƯ,W]5wQ?yRa{t-,o{\\GOį/~*2V6ܾY+-^scg!N}Ѷ[}7->ޣ\rcomG8&e w}\\₯]\ZC\0\0\0v0\0\0J8>&zԬHL]^Y85>#krmqY1..cXe1ϗ%|#o֫So]@t95>#}6џ+`a[bGo|:NNq1[o{\'/hO{J]RxU|ן߿}Wŷ~uA;\0\0\0\0;Iբ+f\0\0;]DutoNf,H\"	 .TVj]hSC+ҺȾ5@L&/{ܐńUNo_{|vg3t&-gfߊJݺJlړu֥ebfx_ʹnر?s߰*[2eږ֪5;yoeS\0\0\0Pj{v\0\0l\0\0234\0\0\0\0\0\0@I\0\0\0\0\0\0JB\0\0\0\0\0\0\0P`\0\0\0\0\0\0\0\0\0\0\0\0\0\0\0\0\0\0\0\0$\0\0\0\0\0\0\0%!\0\0\0\0\0\0\0(	0\0\0\0\0\0\0@I\0\0\0\0\0\0JB\0\0\0\0\0\0\0P`\0\0\0\0\0\0\0\0\0\0\0\0\0\0\0\0\0\0\0\0$ַw\0tƏky7޾@P_Q\riUƆZ랧6\0\0#\0\0\0?ikiLKsC\ZSWW[	ix8\ZJO`z21mM{0\0\0efh\0\0(j;I3)\r_\0RP#{Eq(\0\0@y\0D=ǏU%?\0lOq(=w\0\0\07B\0\0PE7W1)=w\0\0B\0\0P/]Q3{\0\0\0C\0\0\0%P⾘Pc>\0gM\0\0o\0\0dj3\0\0\0P>`\0\0(	=\0xC\0\0<\0\0\0\0\0\0\0%!\0\0\0\0\0\0\0(	0\0\0\0\0\0\0@I\0\0\0\0\0\0JB\0\0\0\0\0\0\0P`\0\0\0\0\0\0\0\0\0N\0\0\0N\0\0\0\0\0\0\0P`\0\0\0\0\0\0\0\0\0\0\0\0\0\0\0\0\0\0\0\0$\0\0/tuuo\\5tuW\0\0\0\0ؑõy\0\0(Zjs6<<ϴINwߙvd#d5LF}><hMY:uݜ[Y⧔)GgQKsweQW6gqSl+0KCnsF]sK=rZӚ<~;rmw&kJCCCjS\0\0\0عE90ԳvQzU~t3iJ:\r?Anx<t}Movܱ9YUi^vYU	sqH~,]4uVmM=+떮Xkyۘ\0\0\0!\0\0\0vj=fySfwN^sʁc%54ߟY9s\"4cAÓ9sftuR׳0>P\0\0\0^\0iin͕_1twPF6Zv.b=㌬ퟖCO/joi6aB&n5-Op;2<cN4Wj{r=g֦ur&iJ]:\rkv~Xz(7fh+|\"oʸ3BoV>T6A7dU_ֆ2]\'s^9lJÒs_u<V;NSm^rO~p}}ؓ3<yVZߒO.IWˌLW\\O=-Kgx^z[xt~^]L1M[{O͛^,Ķ3Ù1gJ=1C@ֆ\0\0\0\0ة uM:[t;=sɴIcۄLߚJ{CL<!m=_sUn\"=*5w뵹bƴMͶS2qjGQ]<ylM}!,k^;2jOwf}=6Vj*kiXL۔5y;rۍ7g^Lϓwސ6dcG\\9ٸ|^n,꭭Oo~_Gu㓹\'Ҿ)\0\0\0lE\0\0\0\'Y7|On\'>*#fSY<ȜrљVYOӴegW^i?=z͑,{ziҖYGͶ\'#Xr<!VO9L.wdㆴ>(Ж䵯=3ڜsĤgyV5sjm?y4\'+n9oȔ_מY93뎛{ꡥg9h{sf^{1Л%?u;	ǟ??}vzA\0\0\0\0]<;uAk\\C,~\rݶ)9s!+?;קXٙ\rբݩ>8.sZ{ĳm_)<;r7l[<fvǮ9gJYWY^d|ՒULӳהd,\Zٮm6{G\0\0\0x\0\0\059啯2mT_Vӟx+x{ɷ|?5w>3\0O15y\r3f6=uG?\\YXGq~\\y_6M-/VW\0\0\0)?\0\0\0v虺r2fڡ9镅}g̾9ssߐtl<:lr\"hϦ\'pq*iJcR15G[y_~f:3-\0\0\0:0\0\0Sw=S$yƑ1F5U_gÚuH[wLfMjMۨo`aT9h3O/O]uD}ѡ6Y6;/ecn+fIo%YVy&L>xĢڬ[ߜ{S3au:\ZR\'6\0\0\0y\0\0`ٔl\\5_[Ou$M3s~m#uuՠk_$m,A=>n|8Nd>g#32}rzVua<zAؑG=/ssM1M}3zdf`\'ctt˲nMޝ[~*=#{\0\0\0e`\0\0`9U9i	ճ\"/P/Nr\'e\",;(8.uw}I9yv[W?7>j[)ۦͣ\'e}rsdtd9m<vݹn93>+\'̬(6j|ٻ7Ki\rթ|PN?\0\0\0euۻA\0Zjs6<<ϴINwY[\ZL_W_*sͭ)Fs޾ץi9KWNO]S<ݮzIsۨ҇ӿ`[;5!u˯\0\0\0\0АQg>wHٰu[h4Bwv}\0\0\0xn`\0\0\0\0\0\0\0\0\0\0\0\0\0\0\0\0\0\0\0\0$\0\0\0\0\0\0\0%!\0\0\0wY\0\0\0\0\0\0\0\0\0\0$\0\0\0\0\0\0\0%!\0\0\0\0\0\0\0(	0\0\0\0\0\0\0@I\0\0\0\0\0\0JB\0\0\0\0\0\0\0P`\0\0\0\0\0\0\0\0@f\0`\'3\0\0|\0\0P\"\ru\Z-s+Ž\0\0(0\0\0D]]]\Z;XkV3{Gq\0\0A\0\0\0%21^\0<^Q3{\0\0P`\0\0(V154ԧuT]7	ءQ+{Fqt\0\0^\0\0P/3ڛkm{o:*=7^Q3{\0\0ʣn}{_\0PZǵNTچ| iy^|C`\Z02ip{GOm\0\0G\0\0@ipahhg&\0ؤ\0\0Pf`\0\0JmOEO\"-^7M\0Y,\0\0\0\0ڞ\Z\06_\0)S߂\0\02\0\0Pj{r\0-A0mO|%\0\0\0\0\0\0ؖ\0\02\0\0\0\0\0\0\'\0\0\0\0\0\0\0(	0\0\0\0\0\0\0@I\0\0\0\0\0\0JB\0\0\0\0\0\0\0P`\0\0\0\0\0\0\0\0\0\0\0\0\0\0\0\0\0\0\0\0$\0\0\0\0\0\0\0%!\0\0\0\0\0\0\0(	0\0\0\0\0\0\0@I\0\0\0\0\0\0JB\0\0\0\0\0\0\0P`\0\0\0\0\0\0\0\0\0\0\0\0\0\0\0\0\0\0\0\0$\0\0\0\0\0\0\0%!\0\0\0\0\0\0\0(	0\0\0\0\0\0\0@I\0\0\0\0\0\0JB\0\0\0\0\0\0\0Puۻk\0\0P:ǵsgo~I۬wcִGZ~U>de96\0\0#\0\0\0|\r+Kk[ϴUWdRew}5KszZ3\0{0\0\0efh\0\0(~;FLʫ<}]\0\0\0\0\0@I5O3G#/|s#=OykΩLoܲrx5YyVʂZ;?samHCOE嵦,z>Pǹֳ ~[֦W]?D^|zFCom\n\0\0\0\0\0)3uYS}]˹t$}E<~o\\Q-I4zWfw<QX~v?io7.W|Hr)gݺ<uφ\\]WsWe7\\ΩmESW͢ugΧq^~F6Joڋm=+]^Hwyݺp]:+wMٔ-\0\0\0\0\0\0F8߮,^3.GzhƟ\\\\|eU7?Z΢dƻ%7^qY劫95ǜ0#kFԛpS:+\'ɵW/W|crY[ħ㊟<57T;W~\ZOн嶢-׃O?+*gs]PZOx5)?3r[>l=Y:w?3w>{_?7xUnU\0\0\0\0\0PR~яVռחV\Zǜ_{L[տ?~S\Za,{rAFW^bYu1וk.,[7sün2vt1t6ߺɬ0&eǿ`Θ^YjV^:soȑC=yy˵7=\'K.̴lŤ?7U5Ԃ3_[jbwλ/Mr%T\0\0\0P^`\0\0(5ޘnL?U}2؋^[wgSO8=8+GO#\'+oeI.x͙9ݑ9f6+#z<NMyGV^s`ZsߚJqK/ ]s:)gom3x_ڝ#kX-<hdR&훽k\0\0\0\0e$\0\0:/kӝ7G_PNԕ6G7d+ߗ;m&M~[O90cV徯n~KGj&\"rs13s~O>qH<rpug~9	ɂrǭ<uLv@fyV>S<46_&\0\0\0PF`\0\0#-b)o\'?yLۙ;-ƉdC]\\Os9w!P3ʯs<6yчrE>~r}gb&񺼺Hv8~S֡|rB|Ǖj=+ޘ[3-w̱9չM[_-\0\0\0l\0\0G}W(_ϕW~;alB.[|kΕ_L>bpW^gя>wy.(_~rN?{?o3N+z*O.J>TG>W>O<>i=)/6mk]]9_>]y>1m:+oer\\+yo,5~Uo\0\0\0\0K\0\0\0{SO57uo}>Oǫ{7;=:oVF+_^Gz\'_Ͽx8ؼNJS?e\\vSV>Mz+>ZWNyoT\\zګ*gYʿ|;7O]|fQu\'_l\Zzr_\\6)M2sS~ *\0\0\0\0ʨn}{pm\0\0Jgדu֥ebfN|V0&S~ڿ!+Wwfpzz-˺L91{=R9-\0S\0\0\0Pj`\0`[`\0\0\0\0\0\0\0\0\0%!\0\0\0\0\0\0\0(	0\0\0\0\0\0\0@I\0\0\0\0\0\0JB\0\0\0\0\0\0\0P`\0\0\0\0\0\0\0\0\0\0\0\0\0\0\0\0\0\0\0\0$\0\0\0\0\0\0\0%!\0\0\0\0\0\0\0(	0\0\0\0\0\0\0@I\0\0\0\0\0\0JB\0\0\0\0\0\0\0P`\0\0\0\0\0\0[=\\\0?6Jw`z38c?{nP_Qilsw\0\0|\0\0ڞ\Z\0wdCWZ\ZܐVtv^Z_\0my+(QM=\0\0234\0\0LvUI3~/\0\n_[\0\0B\0\0\0%R\\?v=\'\0;WF1\0\07B\0\0P\"3a\0쪾\0\0P~+\0\0%7X}/\0\0\0@Y\0D_7)_\0r!\0\0(:`e\0\0@\0\0\0\0\0\0JB\0\0\0\0\0\0\0P`\0\0\0\0\0\0\0\0\0\0\0\0\0\0\0\0\0\0\0\0$\0\0\0\0\0\0\0%!\0\0\0\0\0\0\0(	0\0\0\0\0\0\0@I\0\0\0\0\0\0JB\0\0\0\0\0\0\0P`\0\0\0\0\0\0\0\0\0\0\0\0\0\0\0\0\0\'ʯ]hk-\0\0\0/V<\0\0q-=ʵݙ6y_[[ؤqt>=i5yY;rZPvݽ?^|K;?xhVޖ/~_s+2rL;ꕹo˹GOMSm\\3w\0\0|\0\0\0vjYtyVY5Ŵjy.Ayp]ju{YެX[x>r=s,o=EOi\'Nȴ#izz\"/yo?n\0\0s\0RxXt땹{pᩙ]k^n-Oolg.`oݓ3υmzg}=G?zy>/eAw}nDV|g<8Ks񡻷/\0\0P\r?<\0\0NKscmnϰ{ [w\01Y_kk\Z)u\ro;L	;;=>NH]ݕyZz-S&IS] Y;nn<zuGO1M˪\rLojF\",ڌO&4Tkr=]l\'𸉙VwDc7;Ķ,秹%1\'Sҽuyʶ2nFse9f6k;]`mn7%|7\r\\sj.8qJti报}gΉ9#o?|&ٙUaTӞu\0@\Z\0\0xF5C#=s{~x}yjPNcrZ-+W`w7fBfrϤo\"Inxt7MJUw뵹㙢br&OeYUݠreY/˳t۳tN̴iro:M}3yksͽz*٘\'5Oozݑkn:rNr덏eCm=u|,ϥogjAO8}yGoXZW)xb>_ρ_?\0\0m\076d┢@zdr9͙S<\'ip3y/*.\\^ӫ5YGά	͕jE.̵^uzNԜ3s}2aTQQ\'U^۳ze-]*kҒ^bkyVmLLbߢ{3wy9)Ww)g矖}[|Y4>fpqy!dC_79GsY3w_ei9}2T3LdwWlo=\0\0\0lE\0\0\0Yp:ݒ~ܻb0f3n9c29NW׺,zvU,ytAVvL<sTGiNkFJ7Xeb<6mbԬ3fHػjCf4g`ݚjoe+*g\\SgH[W5aZՖȒ{<D̎YٓMmVYp[13,[|{g!VP<~8,5\0\0lA\0\0\0좞_4Kls:&CM?w2ޏߘGn\ZyN&Jϲk~\\𺻳pæ93iTO=\\(ݽ0ϖU˳*Y7\'g)Sqeuh5kW\n\'eǞTm;~ӽqx#im\ZՔ=멙nu95{ˍgN4\\G\\EcU[&/Q֚\0\0\0 \0\0\0vьpsauzc.89i}y2M]qF^}Mo+hC>/oܜ}9h/ν0!zA9z8/=\'-5ncCf̚2:4,[5L;Fi&j礯$viimnWepo!q2cM3so޼G9ӯ)Q{Fo\Zёo7ugƛޕӪ[\0\0\0lM\0\0\0&k2zԌkkMSPz!553UhjͤS^g7%i.Jf<j M3#rʫNHdCG车gt:YS753TdcYߛL>3bĢ,Y\\<_s,^:.\'lq[W9YEgU\Z;}W.73xVso[>rq9ȣs>?yw棿|}\0\0\0``\0\0`7ˊr\rڐn]V\rdc{-sڮ]<7/O&eآdUsx]9>j)JO/iQ9}|l;C2i8>[kemiyH4\\\\~_8ݑ\\U+\0xNr/r@.ȧ>U>Ƽw|ZO\'rjN`\0\0mԭo6b\0\05~\\H9VδI,ܽ̮mкrӭwǌY989xpmr{[ݛMi[&S!GFupǲيL94qHj%Uan^؛	/;\'<?ʫ9\"[>w{Y982ts]CuTN=qNUl^uNz<sM{Qy׷eI|zq{ˑvUo>\\?Mͮ͡W{;/6V[Z2ӗ\\C;31͵=C{GOm\0\0G\0\0@	ݛ4i\rw0uMim~`_wzb8Zn0ߝGow9/?\0xDV}7?\"#Giδ^{<qo,!\0\0\0C\0\0@	~~ϣ^Oaw	\0<\0\0\0\0|\0<X\0\0\0\0\0\0P`\0\0\0\0\0\0\0\0\0\0\0\0\0\0\0\0\0\0\0\0$\0\0\0\0\0\0\0%!\0\0\0\0\0\0\0(	0\0\0\0\0\0\0@I\0\0\0\0\0\0JB\0\0\0\0\0\0\0P`\0\0\0\0\0\0\0\0\0\0\0\0\0\0\0\0Jfx6\0;\0\0#\0\0iPm	\0[]e\0@\0DG5w\0;W\0\0P`\0\0(td`P/`\0vͨ\0\0P`\0\0(mkJ>!0\0ϩr(&\0\0<|\0imiL[eZޛήj<\0{moM\riT[\0\0ʢn}{_\0PZǵ<CLo`|]Z_O_\rg>=;zjs\0\0P>`\0\0JmO\0\0Pf\0\0\0\0\0\0(	0\0\0\0\0\0\0@I\0\0\0\0\0\0JB\0\0\0\0\0\0\0P`\0\0\0\0\0\0\0\0\0\0\0\0\0\0\0\0\0\0\0\0$\0\0\0\0\0\0\0%!\0\0\0\0\0\0\0(	0\0\0\0\0\0\0@I\0\0\0\0\0\0JB\0\0\0\0\0\0\0P`\0\0\0\0\0\0\0\0\0\0\0\0\0\0\0\0\0\0\0\0$\0\0\0\0\0\0\0%!\0\0\0\0\0\0\0(	0\0\0\0\0\0\0@I\0\0\0\0\0\0Jn}{pm\0\0Jgܞ:}]Yd_:\rdx(Ẻ6pdg;)ԍ}j^̱v^3Ҹ{opWQ=SÚ׮f*l/J5~/쨦uQMau?{s׌4}mf7ܕ}vb}4T[g65G5õw\0\0|\0\0ڞ\0>k˻\ZluMuj{;)ԍ}j^̱v^3Ҹ{opWQ=#\0޴/쨦uQMau?{s׌4}mf7ܕ}vr=>~f\0(3C@\0@I]k/~6ECy6CWwZ\0\0\0\0@	]WwԖ\0`kxO\0\0JJ\0\0\0%M_\0v\0\0P`\0\0(X_ks\0\0@Y\0D޿.*	0\0\0\0\0\0Jd9\0\0\0\0P\"K{#\0\0L\0\0P\"%>\0ϒ\rC9\0\0\0\0P\"~48\\\0\0JA\0\0\0\0\0\0\0P`\0\0\0\0\0\0\0\0\0\0\0\0\0\0\0\0\0\0\0\0$\0\0\0\0\0\0\0%!\0\0\0\0\0\0\0(	0\0\0\0\0\0\0@I\0\0\0\0\0\0JB\0\0\0\0\0\0\0P`\0\0\0~qkM4|rz~&kM\0\0\0N\0\0\0/NC]FWZ/ʹטֺ_s\0\0\0\0\0\0\0\0\0\0\0\0-y߻plrtSVƜv֯G<&jHf7o-֪v٬ּM/||m2}\n\0\0\0~aַw\0tƏk>yj3[^uv\\S{yj\n#u#/f_;)n¦s׌4}mf7ܕ}v:iRrqK&?ЪNu&_Ӝ\rZY瀱QGڪӛsY-\'ĺ\\U[3;qb|grn5h?qBbד45t#ܙypuvTSqk5#g_ۯz\rwes>/Gͦ];E;T<?T3w\0\0|\0\0\0%a꩓p<ҙ_6vWݘMo36j;GߡwOґ-)7gLk7T+:sC4O8-=}\0\0\0~\0\0\04gdr\rn^!?x7О}+O%-WϨvtΚ\\yϕНݘ|mq2jkW͇֙֙bE}>Z\0\0\0`\0\0\0^ZsPCyލYUmy3w.)f3kjki}O\'M5GW[zMB_Z5T\0\0_0\0\0\0oOYvgeYn$|mn1w΄ή-CښJmgm\0\0\0F\0\0\0/kwMp\n\0\0\0{\n0\0\0\0b!UmBS6΁⎑ӫs21j\0\0\0P6`\0\0\0^rWo}<i\\iʱ9sFefh ^MsO{Ȁ\'njk2	%\0\0\0(0\0\0\0\Zs_7?y:MG/?ؘ}ɨG{jSN?9c+?,*j+7\'uy\\3򝿞/nK˒\0\0@\0\0%PP+y#ep69M9lC]+wW珿ٕ7\rfG\rfdh\0\0\0(Z\0\0PJǵhauukE;Tmo}aG5v\\yaS͋9kF\ZwϾ_>\n|vXSx>ڵYٯ;8\'ϪvsωsŻZ2iCO>ujS{6qMuj{;)l]¾kk5#g_ۯz\rwes>>6qMm}ўd\0\0\0\0\0Zܛ;gLh;הNڪ\ZrQRD]CCyz\0\0\0JC\0\0\0@~5eǦKL_#*?\n\r֛:h\0\0\0B\0\0\0@	uS_}p wߦ^t˕__?}V\0\0\0\0\0g\0oYkv;[_QMankG5m^Tbݳl~󆻲93N7ٕkvx;[_QMaw~x/X;i=~7o+(_F\0@\0\0\0\0\0\0P`\0\0\0\0\0\0\0\0\0\0\0\0\0\0\0\0\0\0\0\0$\0\0\0\0\0\0\0%!\0\0	穡6\0\0_\0@X]X\02	\0\0JdG\0`ל0\0@\0D:6\0js\0\0@\0D:sLM֓]3{\\}~\0\0P`\0\0(:6\0/^Z\0\0B\0\0\0%S>jK\0}}|޿\0\0PB`\0\0(s=I_\0\0PF`\0\0(\"7dgPS<G\0ַw\0tƏk3וOc@-m^{-JvHH׎j\n;ۼk5#g_ۯz\rwes>u;)<}l.qMmb®m]j\n[฻v\\{1yHk^y]Ga/GCeq9~fc^PSm\0\0\0\0R\0\0\0\0Pf\0\0\0\0\0\0(	0\0\0\0\0\0\0@I\0\0\0\0\0\0JB\0\0\0\0\0\0\0P`\0\0\0\0\0\0\0\0\0\0\0\0\0\0\0\0\0\0\0\0$\0\0\0\0\0\0\0%!\0\0\0\0\0\0\0(	0\0\0\0\0\0\0@I\0\0\0\0\0\0JB\0\0\0\0\0\0\0P`\0\0\0\0\0\0\0\0\0\0\0\0\0\0\0\0\0\0\0\0$\0\0\0\0\0\0\0%!\0\0\0\0\0\0\0(	0\0\0\0\0\0\0@I\0\0\0\0\0\0JB\0\0\0\0\0\0\0P`\0\0\0\0\0\0\0\0\0\0\0\0\0\0\0\0\0\0\0\0$\0\0\0\0\0\0\0%!\0\0\0\0\0\0\0(õy\0\0(Zjs|8-;y+ז~nc2fB[jM?coLKL=sPk/e-_jvu3ukTY\'o<6S~t^{V+ԧuJsN9qɿ}J4e|ێ9l7/\'9yfZV?IO䬜;Eߜ^^k硽6\0\00\0\0֒Yǝz:`^/yc[\\\'\'}wIgb}Ç>%o9>VܑтJ1y%o{sǗZ+w.m{u[_{G\0\0\0\0\0/aM|Q9حel\\ߞugpddgm|ɬڢv늂cvK=FjwUYYeg#\\%7Ë殕`O:޵x;znw}m[bmCIѣy]ẑ<xcmMųײ1\nWd]~9Geք9б[(j%4-\'jBm?5!5ek#vUoeO_m+iMv^#vly|\r%ÕZ/U۱{s6Q;֎η~~l}Rmj3Y7[\ZYWo]=ˆ|<{QWr;2\0\0\0^Z\r\0@ĪC\'/rQ^5ֶ!oH\Z\ZdAg1ՂGݔ}Oghloc\\53ÍcN>Oܒ\'fvd`=SWL͉SػadH*d֙ȅ\r\r=#|\'5O#0d1WϚȃo8wOckS{{34ȼӳOQ;^Ǽ3>mt]ʥ̌~-8zMg2j\\o\\\'\r=.3ܬI\Z+ָw>smzkY;+ſvz~vp!8-}Q[Pjy	M,eKߨ\re9g}bzN\rKYte;_^{+7չmp*Di~\\82,ʊw|=P\ZTί8ߖ9ez*_ƜP\\s_%yg;3<?MˁE@.Yw[bw[.Vek}}ǵd=7o4.\r9\r7_1G\\pnj́`prt}tM뒖QIOw2Ur%ckD\Z\02\0\0(мχЅ7ՌX9y	a:?_ϻ(V}K_qwڢk?Εwg/ÿ}QΚڞ;<؝|E+TWon?};ӝqRr\rO$gȆ7#ߞV)ߓX|wg5f\'+,ū3jԨlK6iٕ_6J!o·}O~xoN86W._%l[[ϊ;=ޗi9eUG2qvsu֕o\r倏|K{OSՊ߻3x|_=>K۞2ss[gK.t|cO_.9&䢯MSM˟|m{sHusycY󝖣[{r͗kO؞k՗o+P\\w^wPNGNO<%{{3ᢸbaw֧ycolJ͒wBce+?˵y-]>\'9Oᶵt,_Z}vv=_yu|_e#ߛ;ӷngP嫱w̨v>or+vUnmViͩQ5=9e\\}[嚆nXS\0\0\0\0\0/a2?9s[NŪg^u]4̜wZ7bcFzp}`dֱyAcGz6Lɯ>,R:%fl{)=,J_gmhʴsō3857ߛ_?g#ϊ%#˽=jh̨Jy.ɅGϽ!ϙjT.o͡Iř_4u?4f߃~<5/Ax\ZubW2rtcWջ6fΫߙw2־}ru_Z/|l}5Z+k2\'=i8m|^_Q9WGgTCvW7K}f]O>7SoqC79S1\r\'s\ZrFv0ѵ@sqg<1Д.7m{c_+/]7\Zҿ/ˋ`]\Z)}lv>Rm3u(玄19,;.7[rÝyhyCSF\ZuԼ񜆬sSrXy=ygF͞ל]4vYNyVQX𓮬wLrncs5.4e[[׷nwPHӨ\'\r:\0\0xi\0\0\0/as%rzp6fxS%SCYU_tnLL\\j&\r]AML\Ztu\Zv<oK>2}eÔ_9)k=W翾\\zeJO8ֲ<7\\/+߻<n3NwٙYDea,ɴ:aFΒ/x&+gEkuiȴ\r]<^\\Zz-WtToq7#Twݗu;XnbcWεE͸Q~U{2ݵY*_l޾2}ǃIVS5͏ݫrƟϾ7Y|柊c|ʱGzeO3Ϊϒ˗oLU	吣\ZPwe Gg1ᡌ?5}mҘij{v\\}no\r<k_AT۩b9Vӄly\Z;/[|]>;볰۸fWNa^@}\\5w8Y7Py_\0\0\0^z\0\0KX}F66}(=H1Lr1{޷lt?o_\\To&tT^yޅٵUKޓ|+s1W+C,yjQ=,3f堆3{چ<d{?\"vwNCLk)].)+\Znrp[N븭W^2!\'<~m<+?^ZGꭷ?Kn#Do5?w37_X>ә9Iy_핋h77~fY;[wrsf^{gz!iޕ<;V5ӷ|N/-[]*3O}Tq^~Go\0\00\0\0PNS\'d\\f٢r&c\'Yydʄt,~*kj-\'dUm~SMgt/ʍ0/w7Z0?ʙ :ژtlLFs`Nyk_{gNқ\'{r֧%̚UO瑕3ci^z_^1icVyglzlUOܶ/My>?w~y}-	Q9UrҦ19q9pᾎjAOw~[Ӽ+;1c\Z3jqLǟ::GV{c>1t̜ڐώC^1ɸySs\'ޔ.xYKf5grls)վ-7eոƌ@<V[yj@`=3u&ߙ\rI\ZO[~\ZRt-cNcNi|\0\0\0rqDܛy]yաrͣr9R\r92\\>_/[o\Zݓo߱<Ũ=s}s^cG5Y?[~ު,zlCǺn^֏zSֹ#yr]6v\\uyg)k偕Sa#m=hLY0OtNˁGlz.^>&GNc7\\;ϊ;~;VS7K}#W?ecFe\rEhژkM׆u×/?^뿽4sd@_/]\r\r0<z|N:.<7?5PZ%Zl<nbto\rg#u]YVx0k^7\\][|wԆuνT8aW&󯪜1mٯ6&>wO}36GC+߉sZ0g#U?g͋톲u݁ke__Hu灁<,	rȸ3{ wͦk\ZJSk,ɥ_%\0\0\04|k\0\0P:-ͻI^:އ3񈣲n5\'-ޕ[/s#^ϜAaW;N;!/ۢb}s䜦zbA{rqoq?,.~~~ٿees=fi>910-?;o+?ڗ7cGl?-7<;+ǺqH.^L3=CO>۪zwxhE>)o}!]9ji̚Ge٘CN5-(όݢbWsypu_Yнk2ݗ73k;wa{f#f<׿,Ƭ{tN:j\06d͝ypP{u[Ֆ\'o^әW7Oٳ\ZQ9`_#뿽!-ȏWS7l1:o̬9k@rCnVG+Vla绵<h8OhCnf\\*oqS?r(OWsGgܔЕ;=7^Q\\,h:-Gsgk&u疻߅r^nep\"Dsb=r9}`&3)io$\'L\\wxߚ2t_gnf]{y!g!JzAʹ_7I\Z\'ڞqƴw*_vGy	տ~`G.w}v]_ꎞwNo\0\0W{?\0r?nS\\ŞlgC:zcS488-7?wSێ5Ug5ey=ocPWmϨ㳣C\\kvۅ߁lθʿ<?#C#wW:~Rv=U|b` S۶V5ֶ{e;;׊ڹ67fҸTl0՗IQi}g3]]Lmћmߜ1?F{qS\0\0\0\0Pj`^\r?_?ǽ9uzjgѵ?T;r椑:\0^\0\0\0\0R\0~n[]}kUØc&o&\0/`\0\0L\0\0@	y16\r4ēeɋ`ͩQ&`\0\0L\0\0@	m	\0(+\0\0\0\0\0\0\0/q`\0\0\0\0\0\0\0\0\0\0\0\0\0\0\0\0\0\0\0\0$\0\0\0\0\0\0\0%!\0\0\0\0\0\0\0(	0\0\0\0\0\0\0@I\0\0\0\0\0\0JB\0\0\0\0\0\0\0P`\0\0\0\0\0\0\0\0\0\0\0\0\0\0\0\0\0\0\0\0$\0\0\0\0\0\0\0%!\0\0\0\0\0\0\0(	0\0\0\0\0\0\0@I\0\0\0\0\0\0JB\0\0\0\0\0\0\0P`\0\0\0\0\0\0\0\0\0\0\0\0\0\0\0\0\0\0\0\0$\0\0\0\0\0\0\0%!\0\0\0\0\0\0\0(	0\0\0\0\0\0\0@I\0\0\0\0\0\0JB\0\0\0\0\0\0\0P`\0\0\0\0\0\0\0\0\0\0\0\0\0\0\0\0\0\0\0\0$\0\0\0\0\0\0\0%!\0\0\0\0\0\0\0(	0\0\0\0\0\0\0@I\0\0\0\0\0\0JB\0\0\0\0\0\0\0P`\0\0\0\0\0\0\0\0\0\0\0\0\0\0\0\0\0\0\0\0$\0\0\0\0\0\0\0%!\0\0\0\0\0\0\0(	0\0\0\0\0\0\0@I\0\0\0\0\0\0JB\0\0\0\0\0\0\0P`\0\0\0\0\0\0\0\0\0\0\0\0\0\0\0\0\0\0\0\0$\0\0\0\0\0\0\0%!\0\0\0\0\0\0\0(	0\0\0\0\0\0\0@I\0\0\0\0\0\0JB\0\0\0\0\0\0\0P`\0\0\0\0\0\0\0\0\0\0\0\0\0\0\0\0\0\0\0\0$\0\0\0\0\0\0\0%!\0\0\0\0\0\0\0(	0\0\0\0\0\0\0@I\0\0\0\0\0\0JB\0\0\0\0\0\0\0P`\0\0\0\0\0\0\0\0\0\0\0\0\0\0\0\0\0\0\0\0$\0\0\0\0\0\0\0%!\0\0\0\0\0\0\0(	0\0\0\0\0\0\0@I\0\0\0\0\0\0JB\0\0\0\0\0\0\0P`\0\0\0\0\0\0\0\0\0\0\0\0\0\0\0\0\0\0\0\0$\0\0\0\0\0\0\0%!\0\0\0\0\0\0\0(	0\0\0\0\0\0\0@I\0\0\0\0\0\0JB\0\0@\r\r\r\0\0|6\0\0\0\0`m\0g\0\0O\0\0@\0\0|6\0\0\0\0ZWW3A\0\0\0L\0\0@544dcWOm	\0ؓ	\0\0Pf`\0\0J\Z\0oNO`OV|(>\0(;0\0\0V__Ƭo =T,P|&(>\0\0@\0@555:=\0=g\0\0(~\0@\r\r\r7ÕFnMssS\Z\ZR__Wm\0^w`p0#C>wTs޿\0\0\0\01!p__j-\0@gԨQ_\0\0`\0\08I\0U	\0\0$`\0\0\0\0\0\00\r\0\0\0\0\0\0@I\0\0\0\0\0\0JB\0\0\0\0\0\0\0P`\0\0\0\0\0\0\0\0\0\0\0\0\0\0\0\0\0\0\0\0$\0\0\0\0\0\0\0%!\0\0\0\0\0\0\0(	0\0\0\0\0\0\0@I\0\0\0\0\0\0JB\0\0\0\0\0\0\0P`\0\0\0\0\0\0\0\0\0\0\0\0\0\0\0\0\0\0\0\0$\0\0\0\0\0\0\0%!\0\0\0\0\0\0\0(	0\0\0\0\0\0\0@I\0\0\0\0\0\0JB\0\0\0\0\0\0\0P`\0\0\0\0\0\0\0\0\0\0\0\0\0\0\0\0\0\0\0\0$\0\0\0\0\0\0\0%!\0\0\0\0\0\0\0(	0\0\0\0\0\0\0@I\0\0\0\0\0\0JB\0\0\0\0\0\0\0P`\0\0\0\0\0\0\0\0\0\0\0\0\0\0\0\0\0\0\0\0$\0\0\0\0\0\0\0%!\0\0\0\0\0\0\0(	0\0\0\0\0\0\0@I\0\0\0\0\0\0JB\0\0\0\0\0\0\0P`\0\0\0\0\0\0\0\0\0\0\0\0\0\0\0\0\0\0\0\0$\0\0\0\0\0\0\0%!\0\0\0\0\0\0\0(	0\0\0\0\0\0\0@I\0\0\0\0\0\0JB\0\0\0\0\0\0\0P`\0\0\0\0\0\0\0\0\0\0\0\0\0\0\0\0\0\0\0\0$\0\0\0\0\0\0\0%!\0\0\0\0\0\0\0(	0\0\0\0\0\0\0@I\0\0\0\0\0\0JB\0\0\0\0\0\0\0P`\0\0\0\0\0\0\0\0\0\0\0\0\0\0\0\0\0\0\0\0$\0\0\0\0\0\0\0%!\0\0\0\0\0\0\0(	0\0\0\0\0\0\0@I\0\0\0\0\0\0JB\0\0\0\0\0\0\0P`\0\0\0\0\0\0\0\0\0\0\0\0\0\0\0\0\0\0\0\0$\0\0\0\0\0\0\0%!\0\0\0\0\0\0\0(	0\0\0\0\0\0\0@I\0\0\0\0\0\0JB\0\0\0\0\0\0\0P`\0\0\0\0\0\0\0\0\0\0\0\0\0\0\0\0\0\0\0\0$\0\0\0\0\0\0\0%!\0\0\0\0\0\0\0(	0\0\0\0\0\0\0@I\0\0\0\0\0\0JB\0\0\0\0\0\0\0P`\0\0\0\0\0\0\0\0\0\0\0\0\0\0\0\0\0\0\0\0$\0\0\0\0\0\0\0%!\0\0\0\0\0\0\0(	0\0\0\0\0\0\0@I\0\0\0\0\0\0JB\0\0\0\0\0\0\0P`\0\0\0\0\0\0\0\0\0\0\0\0\0\0\0\0\0\0\0\0$\0\0\0\0\0\0\0%!\0\0\0\0\0\0\0(	0\0\0\0\0\0\0@I\0\0\0\0\0\0JB\0\0\0\0\0\0\0P`\0\0\0\0\0\0\0\0\0\0\0\0\0\0\0\0\0\0\0\0$\0\0\0\0\0\0\0%!\0\0\0\0\0\0\0(	0\0\0\0\0\0\0@I\0\0\0\0\0\0JB\0\0\0\0\0\0\0P`\0\0\0\0\0\0\0\0\0\0\0\0\0\0\0\0\0\0\0\0$\0\0\0\0\0\0\0%!\0\0\0\0\0\0\0(	0\0\0\0\0\0\0@I\0\0\0\0\0\0JB\0\0\0\0\0\0\0P`\0\0\0\0\0\0\0\0\0\0\0\0\0\0\0\0\0\0\0\0$\0\0\0\0\0\0\0%!\0\0\0\0\0\0\0(	0\0\0\0\0\0\0@I\0\0\0\0\0\0JB\0\0\0\0\0\0\0P`\0\0\0\0\0\0\0\0\0\0\0\0\0\0\0\0\0\0\0\0$\0\0\0\0\0\0\0%!\0\0\0\0\0\0\0(	0\0\0\0\0\0\0@I\0\0\0\0\0\0JB\0\0\0\0\0\0\0P`\0\0\0\0\0\0\0\0\0\0\0\0\0\0\0\0\0\0\0\0$\0\0\0\0\0\0\0%!\0\0\0\0\0\0\0(	0\0\0\0\0\0\0@I\0\0\0\0\0\0JB\0\0\0\0\0\0\0P`\0\0\0\0\0\0\0\0\0\0\0\0\0\0\0\0\0\0\0\0$\0\0\0\0\0\0\0%!\0\0\0\0\0\0\0(	0\0\0\0\0\0\0@I\0\0\0\0\0\0JB\0\0\0\0\0\0\0P`\0\0\0\0\0\0\0\0\0\0\0\0\0\0\0\0\0\0\0\0$\0\0\0\0\0\0\0%!\0\0\0\0\0\0\0(	0\0\0\0\0\0\0@I\0\0\0\0\0\0JB\0\0\0\0\0\0\0P`\0\0\0\0\0\0\0\0\0\0\0\0\0\0\0\0\0\0\0\0$\0\0\0\0\0\0\0%!\0\0\0\0\0\0\0(	0\0\0\0\0\0\0@I\0\0\0\0\0\0JB\0\0\0\0\0\0\0P`\0\0\0\0\0\0\0\0\0\0\0\0\0\0\0\0\0\0\0\0$\0\0\0\0\0\0\0%!\0\0\0\0\0\0\0(	0\0\0\0\0\0\0@I\0\0\0\0\0\0JB\0\0\0\0\0\0\0P`\0\0\0\0\0\0\0\0\0\0\0\0\0\0\0\0\0\0\0\0$\0\0\0\0\0\0\0%!\0\0\0\0\0\0\0(	0\0\0\0\0\0\0@I\0\0\0\0\0\0JB\0\0\0\0\0\0\0P`\0\0\0\0\0\0\0\0\0\0\0\0\0\0\0\0\0\0\0\0$\0\0\0\0\0\0\0%!\0\0\0\0\0\0\0(	0\0\0\0\0\0\0@I\0\0\0\0\0\0JB\0\0\0\0\0\0\0P`\0\0\0\0\0\0\0\0\0\0\0\0\0\0\0\0\0\0\0\0$\0\0\0\0\0\0\0%!\0\0\0\0\0\0\0(	0\0\0\0\0\0\0@I\0\0\0\0\0\0JB\0\0\0\0\0\0\0P`\0\0\0\0\0\0\0\0\0\0\0\0\0\0\0\0\0\0\0\0$\0\0\0\0\0\0\0%!\0\0\0\0\0\0\0(	0\0\0\0\0\0\0@I\0\0\0\0\0\0JB\0\0\0\0\0\0\0P`\0\0\0\0\0\0\0\0\0\0\0\0\0\0\0\0\0\0\0\0$\0\0\0\0\0\0\0%!\0\0\0\0\0\0\0(	0\0\0\0\0\0\0@I\0\0\0\0\0\0JB\0\0\0\0\0\0\0P`\0\0\0\0\0\0\0\0\0\0\0\0\0\0\0\0\0\0\0\0$\0\0\0\0\0\0\0%!\0\0\0\0\0\0\0(	0\0\0\0\0\0\0@I\0\0\0\0\0\0JB\0\0\0\0\0\0\0P`\0\0\0\0\0\0;쳇k\0\0n\0\0\0}ٵ9\0B`\0\0\0\0\0\0RHһ\0\0\0\0IENDB`','2025-01-19',NULL,1,1),(70,'facility','electrical','bhbhhbhhb','PNG\r\n\Z\n\0\0\0\rIHDR\0\0\0\08\0\0\0C\0\0\0sRGB\0\0\0\0gAMA\0\0a\0\0IDATx^7{(*[,QӌɛFmijz7&17KL11&(^w\\\\X$9sf9S5hవ3Gud{l)kcm\ZѪ-\0\0\0\0\0슪=D\n~\nS`045>;gHe9\0\0\0\0\0K_scРA1cTЦdmc|HlFUUM\0\0\0\0\0v{D\0>--3+h!0\0\0\0\0\0+3+b[)f\Zˊ\0UgoU6V|-q\"G\0\0\0\0\02\08ݫo70:u,6+}v,[4fz!ΛC0\0\0\0\0\0`g^sf:dDѹK/,\"}fώR<)~\n\0\0\0\0\0pcФj,\n3$}4!)\0\0\0\0\0<[6gm>KJ+Z\0\0\0\0\0=RJ%od\0\0\0\0\0`3ag\0\0\0\0\0ص!\0N\0-\0\0\0\0\0ci\\ \r>S|\0\0\0\0\0\0=\'\0\0\0\0\0\0\090\0\0\0\0\0\0@N\0\0\0\0\0\0rB\0\0\0\0\0\0\0`\0\0\0\0\0\0\Z4pl|\r\Z40ʦ6mƌlj:#{\Zcڵ׆8ؓeۢ]v1p`۷{pԄܹS^*/X\Z\rkœON,gC}%<Λx7W\0\0\0\0\0g)kNuV<cD1(ݞvT\0>#bMӷO,mKWyVE=\"GU*~?\\<B`)0\0\0\0\0\0+.k8\0?ĸM{+_ow\nܘn;\"\0>-o~M|޷4XfMFkc=_gZ\r\0\0\0\0\0\0(ԹS,[,ڼ-%K\0<p<xpL25fϞnZ~}cȐ!1}xᅙYeGF{ܳ<.]j\ZoVX!jR7ѭ㨑kVŴisc֬h\0[n/]_1gΜ\0\0\0\0\0voSN6nخ&n妸⊟ҍ{[q/tm67Mf͚]\\f{S\nu\rw?]79ٱrŲh׶D6hHFCX[&~m<;{aqA\ZWPcΦ6vbgs\0\0\0\0\0!v7)Ľ㒯}%gMKSTG6xz҄bR5CZ?I7[뮣]vѻG8eY<6kth[55ѐR߂bkUoCڨ.ԩjX7?Xf^F7=93_do}\ZMK}ͦ6esWeWԹl.9ݻW|SŸqg%:#\n/,ܓ=\0\0\0\0|K=oϦ﬷Uho2on4Ni~(\0\'mڴJ\\Z姼<g%~}DbQ]8Zo\n{S4;~-NpᵦUU]=\"ԯݻ4tzO?ݹN9яMm?Zozs1xO`_K[j5P_~|^|qVlk/Ac?>!EGyhV(M_pyO<TV\n\0\0\0\0o\'pB|_(͕~+_,.Ky٦B\nm\n9Xxq}hͳ32:ƍ;*[뮣W1mNCiZ|6J!poJKi:{ڵUѶ²+:DdCwnKtehz㍷=]\nj7ɮYI_wX?|B?ˋ\0\0\0\0ߊL/eꤺi?ҐM-&\0n:.]Vp֢EؖV;JucN)oZ6mUm3\nZm0ԴcѶmlP}qeg:bWL6eus᳤̜7T\'P-I|MIP벩RZ|ݛk[uVeJ35PRj^2˕Cr/첯׾4h@q+cΝ;k^sZ|iw-z^^ّBK/I|{W1N>\0\0\0\0\03;;̳Ό_lKyNI2j\r][\ny?Ƿ_tK6yfEƿխmP=?֬.+M]UQS(ڵm~+%wUv_<`@u\\\nR|8/umYi:IKuKJuRp+oAmNS\'Iu.q.8g2i*)Ih;r[2INM9u9JsmJ6v\rT*K:(s9qᅟ^_sͿ;ҥk{X޷oh߾],X0Vn{?n8)f፯\Z_\0\0\0\0F\nr{&CT:e5\"vS?ox_tKaE]o#I}}}o>\Z6d%eR6ѥanh8z]=/(/=w?R4lgIr!Kb\n˥^%g\n;7RY꧀6Gl67wRYZw[i2R;r[2)[j[)-?ٿIA|j%{O! 8]i}Mi<T<yJ3fǛңG?A6մǏnz>xW%i%_.\'?o8\0\0\0\0`s֬YAXR\nobT6o}[⬷U=関&|8QQ.{o.v]oÚ1wUXZߵJ0)k\rѪ0D}kcŊS&|֚i>IM7wU.W\ZRyI)-t\nx\np7۵ae߷9ܜ:%/8+[oڴmriJ\n`K&ݜ_\riL-S\\829Ik4-3{bG8czU|۷FNo+պgϗʟe^!dڴMοˋ\0\0\0\0};?.C w_3/WD|#/3w\0_z/iv\'kWؾuקȷR7IUa0#4^Q]P\nUˣjmmTʶE)$-\r;J\nSps*+\r&ycR`؜rg([\ZLUvݒuVʩR^˻e~[^߬ħMdozp^+`cO|8N翊\0\0\0\0+)M?|a1^g`(;K!﷾?g4[\"xnX`J_b\\Z[LZ\\SU*LQ*40KIK-8Skঞ@ԅt=[_\"\'mڬv/kI=[<0k9mk.u$u<uWiʕצZ\ZKߒ4}W\'>qApYm:\0\0\0\0\0Cw(oX;j*-iX\0	3_/FDV\ry\nk\Z\ZbMcnm4Ykj4dCyᖗne$n[y;ol}nmp\n0ͩ05f|6smI]~~Rkͭt\\զNQyKa~yЛ^kIگO~Y6h޼XDe˖ˋ]@WZpq|$-߼,-Z\0\0\0\0\0R|>>ًl*-iX\0)kƤg^F]CMY55) 6[^[G6\rѶuCal*oB\nJk-\r춸?_8?`-u\\W\nJsSy)KK!^~\Zz(O\nMmsҜ:KjW\n3KiGnKZozzӱzS0:Ms[n\Z(޳\ZNs阕\\}?Arz-I9缣.zLL<yiK.׼8QŲʕ^3_\\Ƥ⋍\0\0\0\0\0ZN禆Y\n/*6^\rMSɘ18\r[m;-\r\Zݚsuԑq\r\rvkCsIŲJ&E3$z_h?6VGVk\':ZUGh73~[W7D뚺{K;Um-P/5 {]wՅ8O\'}᏿{_pY)\0\0\0\0\0ԹS,[,ڼ-%pzPxdQryfj̝<ku6q>}QW_ƚBVѪ*ڴ6Q]Ӻ04FUPxoj-_t+\0\0\0\0\0k0wG6\0~O=51,ٺgjv-;xwVmWJDUژ1kEUuNŽ<\Zuu}h(-?=2{<\0NN]0ww-8:tHL25\0\0\0\0\0شm\n_%qukZ[[z{|_ٳs9wT\0n&ݺ^=aGc%Q\rz\n\0\0\0\0\06\0$`\0\0\0\0\0`WM\0\0\0\0\0\0\0`!\0\0\0\0\0\0\0	0\0\0\0\0\0\0@N\0\0\0\0\0\0rb	Wa0\0\0\0\0\0a*\rL\0\0\0\0\0:ڵk\0bg\0\0\0\0\0صphbҥ\0۠YRL)$\0\0\0\0\0Ζ\0Ѥa֬e\0\"}>W\0\0\0\0\0dypafǋ3g4l>K\ZҐ^\0\0\0\0\0v=V2ur<3Xdg͒>+gFH!ϓR_\0\0\0\0]EՠruԑqC޵Sao5#X6Ϋ\0\0\0\0\0\0IeEY蛻_\0\0\0\0\0`WGɆ=ؘ,-do\0\0\0\0\01pRJ``c^\Z\0\0\0\0\0\0ؕTg{ukr`0\ZK~7,\0\0\0\0\0UT\Zy\0\0\0\0\0\0\09\0\0\0\0\0\0\0/0\0\0\0\0\0\0@N\0\0\0\0\0\0rB\0\0\0\0\0\0\0UF6iE]o\0\0\0\0{hݦmn:+`KhtWU+WD}\0\0\0\0hkwwC\0\0ةR\0\0\0\0@wC\0\0ةR\0\0\0\0\0MC-\'\0v3\0\0\0\0\0[N\0\\\0\0\0\0ll10\0\0\0\0\0\0@N\0\0\0\0\0\0rB\0\0\0\0\0\0\0`\0\0\0\0\0\0\0=ǗtqL|&:w\0\0\0\0Z!c1ɦ\0ͨQ#wC~89lLըɁVZGqh2$64sM)Sƽd5#\r\Z;++tllu!;xv3L.ψXpQ|{Ǩo(#G|;bYIk\'+i,(\0\0\0\0 >g]zWq?i|.oΝfc2t7n\\1,,)SO>9!\Z\ZvҷV[,_\"3c{~<Y-*x\0ܺu먫˦v?Yo?ۋ7CI{nj,^(zYW_q?ÇǕW]<L{@ۚ\0M6w=y=o,?SH{󶧡ÆĿXbeL4)+ȑ~@s̉}1)\0\0\0\0Q~};n駿&=3{nqzk	\'|Rte=O.^4ߛd8qt`qzҥӢOѧo3f/~_k:mG_xϻύz8:u7x]\\w+_ZVJ-\Z\08+WJw:tO:!6mzV3w7n\n~OO5kd5\"9dLy_~R<ȣ1|b({{^VZޖox#Hə/̌}ҸDCÆeUqΈ|Pl~g|gjl~o|3, {FLxtCo#(ϛ7/ƷR\0\0\0\0\\xч>/?M1.?,No-0;ѶmdˬX\"~y1aĬe,ܛ,?Ïļy󳹍=m92=qŵ./G}}}VcJcO*ɟXxqs;SuMu|AzDjȣFԩ\ZgFwv衅q!N\nŀBrmٜ<%`v-	?@+bunߺM8̷>ڥKw▛onrh,YO\08yYַo̘BV\0\0\0\0 {,ַX?!k8zܱ/i%LO_;9~;㳟BVr_6h8ؔ/k_VVss7-]K[gqz|gS[9\"#xbrш}Fkԝ9lO~4mo}qM7gM;io>+\057\0N>Oxbί;rlNo.ߣ{nϣqgɌ3կ~mu?Z|=S|mIO\">>l4.P<;yr_JtC +ٸ-3JۙzQбCX\"~Jۗ<Cqww\'i^|qfFrJx[ѩcuwGK*\0\0{SO}y\'WG?߮)o9Wtk	ٙ~+gf%[fg9O;.GƮ?OǡSN~bVTZۦV]Ѹ۳ҖѶ].p|k.+mt/W3Ԛ*,{IL>#+mѣ:+i?;mV0n$mڏ?G;;K޽oySq]\r{?\r_TUUŝwޱoIv=j+mzllAū_l-R1)XIgʚzMIFyU dc^W5GTwBv]ؖ\\D)Mo*Hlw\0\0*u>;}?;={bh⸮^XdIW뤺i9瞽]4tb\rw67ݓ糒P}g?;l\'?a=WgSDaVKJ39>//lUo?ob/ĩsKKnz6<ECz\\\n\Z\0۷%-Y_ڿ;5552+ٸlW~CBCmmmLynJolݯu=}`pWӷq\rZlUB4]ePBe˗7gbYRuKMe*\r}dӿ}\r\Z<x֛yJ\\\nIi[}jR\0=>/5k矏߯wſ㕬^]~{RT7-G?EYM}\\y%-TT]yYΑC?XlyV\ZeSZno|ִſa\'e-OO}stX^r`\'?g+mOt>bH<NY([Ҙ1؜ԔiH7	.&>t\Z5*rU\\GKJ~+9H)\\)tf6%)IϖwUSY)In\nr{} UZWy;z <Ja#\ri#]>X64\0\0nذpxϻω{|#?7i^eҲ/aÇg`q\Z>8i<yoY-.ᆛFc*Sw/?6+iY87-%`-9t{(v=ftvء[4{Hqe<Wŋ&.[Um\\ַ!C:fS͗MйShX[w~g̛7?GoQؕ5??xaƆ-6g-7KG?>߾j3+u9~bko=8xTO<s+p\r}8uTw3}nR,{I~ӟ׿lQeO|̘rs΍<J7qƤnW˟)gUZ򦖊-JKN[Whl+M-{y%)hN˥|h=+)mJӕ\0.-_R9\r+cڮn3N˷;`eI9Ƥ|:Ɛ?)lS:nM]WFysY:_*wSɖ^%[OM)[%kbS9/?oCS/mR>IymJzL\\ulx|ۛچU\rfZgt}]YiIi/^}ogD\0\0W~w&=9ӿɕ?}\'.ࢗTM`v+Q3Ʒf%Q|Fn<#Ų\\b+~te\\uϊe_5kV}d%;7qIspg%RzM6?Aޒx~;\ZN~_ŕW4+ٸ38=勳-󅋿\\lj!СCoё{lڎ\riC)5je>\0>)=5c[*>T: 4 ؖ;bJ_u?,oJz2)M˥p$:i^yKۗR4/+N`9\ri<͑BB)]}\nӼsJiRd\r\0T\nkvR|-Wr4!)IL\Zx7Mm/THӔ%HKY:\0T/KiriS+R8)KHJu*Im\n]ܥ|_q˒TZn:~:_]x\ZO9R;qK+tJǶ$:9cX^okm٧Jxwcɦs:64$`0Ie۟n릴L67uKnI)L-Kۘ].~JncR~BvMkޘ]MI/6Q\0\07ѻw14ouilZGs_,Xݻw˦\Z@KP|o4`7ӧO̝;/j!Ry%&Lx{M7{֬b\0ܒ=?]]O8Ʈ+s7zew\0?ē`l;آTLvljH/IݒΙ[qsTSO.kƱmyǿ +ɗR@[6MAl)Mؕio\nY+בCMm\\\nsKR5m;XV7yIδ}7ݴ{mi6%G)@(Br! 7PRj)@T^\nRL)N\'^s¯H!Q\nVWޥuI\nRPSJXmR/O:f%|_J-+?fz5[\nJJ,ߗ4%Oʷ$4?o\nJ:i<mo)kb[)xZ&+[6^KAy\nwo16msN`yI*+߿ikZoU~6%->6rIڦtͤ/?z͹7:M^~nLKԾW^IS`s\0\0z|bBuӧşxߘٸ?6M}ug+|;p-%78昣#/WmVԩcLxrV\\]46rZ(^!Sp\\uuu:vT|wKZhq<~bWԧY]Oj`3Ӳ;	W\\z{,_,:u#+Ů:;ܒ5J3o#??#;qǟJ`ח|0^S]Yo.^qi4+6J_~ru@ᇔUJSk4zکY馥n*/$`{-NK?yN[HPeY\n6R5!TZnnurI)pJ˕`))WZWS-TSzz\\ڞRIy$}Iҹܾ멩ecZo8\'iKa^۲OMIi\n\ZIat4s{IVt˯ۤ)Jˤt.SI8T^[s)e˃J[RzS*#}tnL˝ҵ\\M\Zl\0\0]לsoߘ<ZB\'Ncܗo\rolldSS|򓟍O|JxeVokK3wn+:fg\0-oyss/;.;|lqaq-aa~a1{vk):mDK΃tիV-VG$:ꈨq3nIi?J8Nyǝwf%wYz.6짿.]_l7\roxCt1~/4\\@vcR7Ie̛VIS!qeYj@Z/o,ciYy#>KABr)(5Sp*[Q:NUW۪P\nCJ;\rnK\nO+ݕ]nUn§tnr멤9Ǻ,kbK)]KcNSkuQ{cvg)om[򧡲;ݫIҲi;JԜwcWM	gO:5ԗ#$朓$_\0=M]m]7&Mj{Ҧ<1``2;6mz$g4=h]ZR3-}VzYW?pE\'xtFU-)֥:\r?ԹS\rs+1cFaEرQvh\"[\nSH2֝&鏁%6637.=tlG?iY?nx\nX}:c▛oJ)mJj]\\+b@o/釆JM\Z[h\n)R۔R0^7*rBR+JަZZ,)`*p-<T-WT_7&(kR WMi˥nSx-ԵT\\[O%he֡iT\Z2)Nۛ}{(Мe:G>]ۛj}%ʷ|ؘ\rmeoS\nG_i>\0\0`o}\n?w{l{+v]Xbe1l*NuW^]\rwc{Ő⋿O?/j,Y$.eOcן.>ܳc><lVcsk^g?\rUewƦp4!pUUU6wdWWoڏ~x[ޔn;ٸ{6+>?BG?.,½+Q,[,.¬4~u-+-=S7k|mivkRYTDol-`!.U˥Rk@@J&i,uDm)M\\T]\"r6|&jK|RpTǒ\rSw<ngnqnܖ^[O͑.o4ٲ[{8_:^ST)@k7un˕ԗҽ^Hsk+5o>\0\0`8򨣊}O50|4^rƐÏ($};埯Cyۚl޽[}ĬY-ߍr\nq1tϋ;3Sϲnx˛ό\";bOpUsnI5Y=)rdM[lh+*>K9=SyKw;J4M!i\nK,Y\\N7|w4|/^hx\'3D~gqzo>>?7/Co~|ckf5`r9>_Gݳ9;~S7lذ8svsE-]^|8ƠAK,+n/{-}ӳ{˥ֳEo)\\XL7oIM\'\\ޚ7o;X%IsKR֕awגV)(IA]woز1)SR\nbk\n9z}REe\n-ly׷k9Bu\n=\n{ӳ2{>]ѦJSYTi*ֽM)T[\ZH/_&tJ磩96%t+r-mh8TV>1ؚkbkiS*S5u+Xv{*BVyK.;mOS}nJSON(ߒzk󟮭Lls_j٘>\0\0`8#Aӄ	u?{qI\'48/<(0&<oz[?畺+G/,\'~rg{M\r6ī^s/񅋿ݛcd#8%͙37ofkbS\Z⡇xpGyR5j-i&[M}CbgjݺuwogV5=u\r}.m	,K.ƶܑG?UrŊW\ZfߖIx{[|0t;,]\Z<g6e}+_#V)wm?[zWzp`Nk\nSI{s.v\\.KAmi$).W\\Sڇ6i)HIx ƺh-STKdSЦ<IoyP֑B0=Muʷ%T/¦ ruca߳r{*]%ML阕=KU^?)ߏ(-)YRY$-Z͖_3M嚚k\"ْ}ڔy_u_NjלmKJc:\'DӱL-t+}5ll{j3m>sʏ}^,y1Nzwiҗ*߳\\TnWs\0\0~wp6uկ^R}{ԫbsS;^|Sf̈3|Gq~su5]C\nT_{*zrX_;aǅ{շo/*v[׿=~륆gx{K,}^ύO:-_6~ua٪Z2\0fKAQ㎌CC)u׽ck.g[$=3䪫+{?=/Ly>cxШx׻4ꗿ7eK=Ƃ]{)\0\0./{]/wY.9⫗|y]/z^pQ\\{u\0j۶MŮ2vWӮ]\'>Rl|\Z7y]1AS~N)w~g|_u{y^_/f\\C^qj/~+YM\0T\Z\0\'wPs;+i\'WF]m]Vv.aǦ6ivs_(ߎ\0\0:pd׻kymխJ7Ժu8ӓ&œOLJO\0C|k;ԹSV\Zkf;G[W8zs\\Kmy3ON=``u-[cOӾg=T\"\0\0\0v60^\0@zq\n|SiHg*\0\0\0\0N0\0\0\0\0)Z\0l-\0\0\0\0\0\0rB\0\0\0\0\0\0\0``^\0\0\0\0*!\0;UMuM6\0\0\0\0!?r``jݦm6\0\0\0\0!?r``jݪuC\0\0\0\0P!0-#\0vmE3=\0\0\0\0`OVſF<tm6\0\0\0\0\0\0nL`\0\0\0\0\0\0\0\0\0\0\0\0\0\0\0\0\0\0\0\0 \'\0\0\0\0\0\0\09QթS8\0\0\0\0\0\0\0EW\n\0\0\0\0\0\0r@\0\0\0\0\0\0\09!\0\0\0\0\0\0\0	0\0\0\0\0\0\0@N\0\0\0\0\0\0rB\0\0\0\0\0\0\0`\0\0\0\0\0\0\0\0\0\0\0\0\0\0\0\0\0\0\0\0 \'\0\0\0\0\0\0\09!\0\0\0\0\0\0\0	0\0\0\0\0\0\0@N\0\0\0\0\0\0rB\0\0\0\0\0\0\0`\0\0\0\0\0\0\0\0\0\0\0\0\0\0\0\0\0\0\0\0 \'\0\0\0\0\0\0\09!\0\0\0\0\0\0\0	0\0\0\0\0\0\0@N\0\0\0\0\0\0rB\0\0\0\0\0\0\0`\0\0\0\0\0\0\0\0\0\0\0\0\0\0\0\0\0\0\0\0 \'\0\0\0\0\0\0\09!\0\0\0\0\0\0\0	0\0\0\0\0\0\0@N\0\0\0\0\0\0rB\0\0\0\0\0\0\0`\0\0\0\0\0\0\0\0\0\0\0\0\0\0\0\0\0\0\0\0 \'\0\0\0\0\0\0\09!\0\0\0\0\0\0\0	0\0\0\0\0\0\0@N\0\0\0\0\0\0rB\0\0\0\0\0\0\0`\0\0\0\0\0\0\0\0\0\0\0\0\0\0\0\0\0\0\0\0 \'\0\0\0\0\0\0\09!\0\0\0\0\0\0\0	0\0\0\0\0\0\0@N\0\0\0\0\0\0rB\0\0\0\0\0\0\0`\0\0\0\0\0\0\0\0\0\0\0\0\0\0\0\0\0\0\0\0 \'\0\0\0\0\0\0\09!\0\0\0\0\0\0\0	0\0\0\0\0\0\0@N\0\0\0\0\0\0rB\0\0\0\0\0\0\0`\0\0\0\0\0\0\0\0\0\0\0\0\0\0\0\0\0\0\0\0 \'\0\0\0\0\0\0\09!\0\0\0\0\0\0\0	0\0\0\0\0\0\0@N\0\0\0\0\0\0rB\0\0\0\0\0\0\0`\0\0\0\0\0\0\0\0\0\0\0\0\0\0\0\0\0\0\0\0 \'\0\0\0\0\0\0\09!\0\0\0\0\0\0\0	0\0\0\0\0\0\0@N\0\0\0\0\0\0rB\0\0\0\0\0\0\0`\0\0\0\0\0\0\0\0\0\0\0\0\0\0\0\0\0\0\0\0 \'\0\0\0\0\0\0\09!\0\0\0\0\0\0\0	0\0\0\0\0\0\0@N\0\0\0\0\0\0rB\0\0\0\0\0\0\0`\0\0\0\0\0\0\0\0\0\0\0\0\0\0\0\0\0\0\0\0 \'\0\0\0\0\0\0\09!\0\0\0\0\0\0\0	0\0\0\0\0\0\0@N\0\0\0\0\0\0rB\0\0\0\0\0\0\0`\0\0\0\0\0\0\0\0\0\0\0\0\0\0\0\0\0\0\0\0 \'\0\0\0\0\0\0\09!\0\0\0\0\0\0\0	0\0\0\0\0\0\0@N\0\0\0\0\0\0rB\0\0\0\0\0\0\0`\0\0\0\0\0\0\0\0\0\0\0\0\0\0\0\0\0\0\0\0 \'\0\0\0\0\0\0\09!\0\0\0\0\0\0\0	0\0\0\0\0\0\0@N\0\0\0\0\0\0rB\0\0\0\0\0\0\0`\0\0\0\0\0\0\0\0\0\0\0\0\0\0\0\0\0\0\0\0 \'\0\0\0\0\0\0\09!\0\0\0\0\0\0\0	0\0\0\0\0\0\0@N\0\0\0\0\0\0rB\0\0\0\0\0\0\0`\0\0\0\0\0\0\0\0\0\0\0\0\0\0\0\0\0\0\0\0 \'\0\0\0\0\0\0\09!\0\0\0\0\0\0\0	0\0\0\0\0\0\0@N\0\0\0\0\0\0rB\0\0\0\0\0\0\0`\0\0\0\0\0\0\0\0\0\0\0\0\0\0\0\0\0\0\0\0 \'\0\0\0\0\0\0\09!\0\0\0\0\0\0\0	0\0\0\0\0\0\0@N\0\0\0\0\0\0rB\0\0\0\0\0\0\0`\0\0\0\0\0\0\0\0\0\0\0\0\0\0\0\0\0\0\0\0 \'\0\0\0\0\0\0\09!\0\0\0\0\0\0\0	0\0\0\0\0\0\0@N\0\0\0\0\0\0rB\0\0\0\0\0\0\0`\0\0\0\0\0\0\0\0\0\0\0\0\0\0\0\0\0\0\0\0 \'\0\0\0\0\0\0\09!\0\0\0\0\0\0\0	0\0\0\0\0\0\0@N\0\0\0\0\0\0rB\0\0\0\0\0\0\0`\0\0\0\0\0\0\0\0\0\0\0\0\0\0\0\0\0\0\0\0 \'\0\0\0\0\0\0\09!\0\0\0\0\0\0\0	0\0\0\0\0\0\0@N\0\0\0\0\0\0rB\0\0\0\0\0\0\0`\0\0\0\0\0\0\0\0\0\0\0\0\0\0\0\0\0\0\0\0 \'\0\0\0\0\0\0\09!\0\0\0\0\0\0\0	0\0\0\0\0\0\0@N\0\0\0\0\0\0rB\0\0\0\0\0\0\0`\0\0\0\0\0\0\0\0\0\0\0\0\0\0\0\0\0\0\0\0 \'\0\0\0\0\0\0\09!\0\0\0\0\0\0\0	0\0\0\0\0\0\0@N\0\0\0\0\0\0rB\0\0\0\0\0\0\0`\0\0\0\0\0\0\0\0\0\0\0\0\0\0\0\0\0\0\0\0 \'\0\0\0\0\0\0\09!\0\0\0\0\0\0\0	0\0\0\0\0\0\0@N\0\0\0\0\0\0rB\0\0\0\0\0\0\0`\0\0\0\0\0\0\0\0\0\0\0\0\0\0\0\0\0\0\0\0 \'\0\0\0\0\0\0\09!\0\0\0\0\0\0\0	0\0\0\0\0\0\0@N\0\0\0\0\0\0rB\0\0\0\0\0\0\0`\0\0\0\0\0\0\0\0\0\0\0\0\0\0\0\0\0\0\0\0 \'-^6\0=F5ѪUuTGuuUV\n\0\Z\ZF}}CYuY)\0\09\0\0QR۶m+/\0Rz\ZA0\0\0{]@\0h߮uoZ\0{o~?\0\0\0{\n0\0\0{6mj)\0`O~\0\0\0{g/\0g\0\0;0\0\0\0g\0\0`\0\0r-_\0 I?h\0@	\0ȵV\0g\0\0O\0\0ZMyl\0\0@\0\\3\0P\0\0\0\0\0\0\0\0\0 \'\0\0\0\0\0\0\09!\0\0\0\0\0\0\0	0\0\0\0\0\0\0@N\0\0\0\0\0\0rB\0\0\0\0\0\0\0`\0\0\0\0\0\0\0\0\0\0\0\0\0\0\0\0\0\0\0\0 \'\0\0\0\0\0\0\09!\0\0\0\0\0\0\0	0\0\0\0\0\0\0@N\0\0\0\0\0\0rB\0\0\0\0\0\0\0`\0\0\0\0\0\0\0\0\0\0\0\0\0\0\0\0\0\0\0\0 \'\0\0\0\0\0\0\09!\0\0\0\0\0\0\0	0\0\0\0\0\0\0@N\0\0\0\0\0\0rB\0\0\0\0\0\0\0`\0\0\0\0\0\0\0\0\0\0\0\0\0\0\0\0\0\0\0\0 \'\0\0\0\0\0\0\09!\0\0\0\0\0\0\0	0\0\0\0\0\0\0@N\0\0\0\0\0\0rB\0\0\0\0\0\0\0`\0\0\0\0\0\0\0\0\0\0\0\0\0\0\0\0\0\0\0\0 \'\0\0\0\0\0\0\09!\0\0\0\0\0\0\0	0\0\0\0\0\0\0@N\0\0\0\0\0\0rB\0\0\0\0\0\0\0`\0\0\0\0\0\0\0\0\0\0\0\0\0\0\0\0\0\0\0\0 \'\0\0\0\0\0\0\09!\0\0\0\0\0\0\0	0\0\0\0\0\0\0@N\0\0\0\0\0\0rB\0\0\0\0\0\0\0`\0\0\0\0\0\0\0\0\0\0\0\0\0\0\0\0\0\0\0\0 \'\0\0\0\0\0\0\09!\0\0\0\0\0\0\0	0\0\0\0\0\0\0@N\0\0\0\0\0\0rB\0\0\0\0\0\0\0`\0\0\0\0\0\0Zxl\0\0rkvbyq]}7%W-|1j+tn8v/nf\0\0!0\0\0&\0iR\\ڳ73}q٫wG]ǅ6N\00\0\0yh\0\0\0\0\0\0\0\0\0\0\0\0\0\0\0\0\0\0\0\0 \'\0\0\0V_8ӊkP|ygݜGPx7㷏-,{}qe[oV\\͉8}-l#1q	\0\0\0Q\0\0\0)\'ecS7Ƹ㭟m\\Xpaq5q|\\}߼1Э97.z|LոG\rq89qIT5gcɒxgi}wOŏ|}s_⑩p#m>78 \0\0`\0\0\0YrC|͟^,ѮK޽K+&[7%|9qYEZ78S7Ĝ`ݲu,lVWܕ_>Wئvѥc무QsO]eA8\0\0\0l	0\0\0\0߈ۗesqkyq7ŝA~نi/*7N,k.}L+,{K~%qj1mf6wݵ$^{{Y^f\0\0\0	\0\0صV/snM82>ŀl2s_)QuuRe[9%FlzGhGgһc\'Fl:Mgi\0\0\0h0\0\0\0{un}Cl̾o훍ǢxެKǞɍcM/i࣏\r;~.acbܘ=+\0\0L\0\0\0eXƀ}4_흍xƑXotbЪUoڥstF\0\0`G\0\0\0k_\0\0M\0\0\0khXSv7+3kZLF74%NF\0\0 g\0\0\0Z\'Fcqϣx;ǲ񂽇gO-_uD7mӲq\0\0\00\0\0\0a+e1? jTQRzPpx:7o?)W=߻\\6	\0\0\0y#\0\0\0ESN_LjwM7}1q>xoECqnuΏ\'\n6\\6_y	=^v=Ol>\0\0\0\0\0\0ѰjI,\\pÂ[>qŻFlzٔK>⪛_RN\\?@s&-][˳X^)og\0\0\0 g\0\0\0Z68G)^83\\葕:~?^ؿ_޽{^=\0\0\0Shʵ8\0\0N.1`wjዱpU6Q)z鼮u𖫋k>pL|e|^m\0>P\0\0 \0\0\0`׮{?6\'.7_ruwݏe>?H\0\0@~\0\0ȑysNS}q斿ėX֯1,Dt:.^1.\0\04\0\0hM\"|⹺`c{ǩm|$=.\03-\0\0ȕ#Czlh7\"\0\0 w\0\0 ״\0=ܪ3ǽaqOM?E7-\030\0\0&\0\0*	\03]@\0\0\0\0\0\0\0\0\0\0\0\0\0 \'\0\0\0\0\0\0\09!\0\0\0\0\0\0\0	0\0\0\0\0\0\0@N\0\0\0\0\0\0rB\0\0\0\0\0\0\0`\0\0\0\0\0\0\0\0\0\0\0\0\0\0\0\0\0\0\0\0 \'\0\0\0\0\0\0\09!\0\0\0\0\0\0\0	0\0\0\0\0\0\0@N\0\0\0\0\0\0rB\0\0\0_<Vgڕ!bjڅ/ƳM\nS1sb.tm\0\0\0U-Zrm6\0\0ӵKl]ɴO&25mE#FMV詻i^Y.o#q݄QGǨYَ>GDǬx\\x̮G#GFžUc{G,75%#OI㻠_ZRqbڃ,^*\0\0\0hquQ[*:w\ZݳE1{㿏/X׊aM]nՀq״T}cc^v7Uؖ1pȠ7-e[vFLS:2^{+߂YS^e=S^;}_ZRo\Z`\0\0-M\0\0\0mzǨ#qp\'Ƒ[ǊbW#;8tH`gk>,?wʹc.,_/kW\0\0=.\05]@xtqGFhqӣAcD,x}j}14rScX[::;FO./<O_u\rQժS8b~~L?!&/XkVGM.~eLxGcҜgִ84~ߦz1ؗY4?8!-^9l\'R6}pfr<-_N}bCbFod?;?zu[?sPm1u/\'o?각eű=fcyXv#{MxNt\ZG6o/1qyb<	dqҨn <h<0yn,-{xvV:	鎸ܞqEZSk}FN6<\ZVƴG\'_,;#u͋ںikȓ˽#Č%rMam8|TPQWW8Daݻg̝;?\ZjcMiݺ&Zjyc21)cRb챇Dyǝ)?G<[JE	3js3\"8|Ht)V͎\'S{U1Ccu7v\r> /}&&]=G5}/=l[^9$F /5x!阹B\\xlŮC\0\0Ff\0\0G}ה0큩̀uqȾjsqb޺~ģO,=8CcT?޸ڬҲp1qqM8xq>]Wc**x|3uMx䮸gb5m8l쁱=]|pL].;&;dx\\T1if/̯u}6ND<k?3gZ>+wR,jTz2\recQM=8amﮧp\ZbMZO\n&˧O/Q#c~St#º[6>z;pFm^+6EpSݢ1mYVҨaڌxaUUt}`䜨w;&7jLʯtGy}EGD̀qШ1^n#N:\"Fs?p-vSBƇk殸Ua~qqGġCKn\n[:)e\r~i[Zw\r*_eɂx%ر{GY}=O\'Zx$)݊Ekb#6\ZͰnQ?an<t#1yY<8b@xzu[؆XS.1lq\rbN	;\'9mi};/۶fK{}vEV\0\0e	\0]Īܨ\ZeEXOMkz/;fd3\r;(N8vHt\\1=&L)6c###F^Ĉ1cbXX0gVVgA,\\>83:qAĐaRÌ	v1^cԑؾkcbKyr^DǸcߘ󓢔I/x٘]-8oB1Cڭjiǐ\ZkΉڽűdmzA1WwDwH>ppt	7Pط^vHJ۳ACG5cFvJ\Z>SVA?N<&PdݪciY\0Ƴ3Nc ↙Iwpr~1d`m; lpl;81|dK\n.:!cǌ}.>eGjHڪs9-:z\r6.;P֭g*ÃfM<$\n,e\ri5b@a|{3eK)l稁=q~=bYZ9t`_8m9|sSX)cF҉cZ]8#c>ѫqd\">Ț{ǉ\')ty@,Qi-нڅ1gfV\'{{CV޻\0\0\0J\0\0\0s=ᾸyiȾ1ĪvN[ѥW_<ѽ]C,7^u1px읺_]31oeF}=͘g/.v)\'i5iΜ]nZ2w\\ؖb*M{@_oh.[毈7u+-tЫoL]}Gd:>arZ-\'١kZ^1l~un%Ěl{^(ֶM=CzGb꼬vF\\m<sƂ6o\\wо\"]WMp!:SǊfj[wwHH$7ŊµhԘdS	Vy2֩.6o;Au|6D*z\Z?z׬jś?֗˫\ncXh~ظXQF7MUxi]cs\nWKm^Ƚ[#V\0\0\0_\0\0ձdX%ѦsIqҁ=EeX]xYq1}UuRzqӿ_wsaqc+c}j\rw}.n4VXBܷ{^,/mٽSt,l몕;ڨ[Sxi%uں\0%vkT3g67Ŀo}8&/x\'M؞5qaaޠѯ=#u\\TǀL[E뗬[tX8Wn>V>qYb3YnkuSPn{hJ,o_uEDѮpVH]{(G6}3\ngnu]Q7[z.;k]xtު\rɽQ߻6/8\0\0\'\0\0\0vvbi\'ǫpʱqa#cH%1r}+u71۫8?^|4nr~4\ZǾO_q\\ۥqvIu!1SWT|^Ų[/;oNY^Ymxi@mڦfmuw͚\rM-kndKxCh28UzqAѩvNųS\\V7MtE3ޱw߶zbꬥѪ^[v*6gb6!sKԮo>8/SǍҳ|7bciN<1{%42.c۴Mg:F\ZĽchqx|nC8u95^}Ⱘhlۚ[\0\0ؐ\0\0\0=tD,3\"hYsgϺqX0oIუWR<7/)4_^x!ЩmZۿWרZ9?^L\r4,5aq=\rY¼X흦:Dnm#όװ jSthWخeK6طWկ3/,մ\ZSwֳl=:GUx~fgg,Ԧ10:΋Sge׀~3W93SweV͌9K#t-.6^oò%d4ŒKautHϑ>5bsb_hlZ@q{&7fόѵGT߳p,+nļlbCȽ{FRǽqlt>L\ndUZ \0\0\0v0\0\0\'mόE~ٍP^]U,iO7)<x8ѪÏ@xҔ:*&ffYL<oeŊyλNZf辱w1^2x48Z#^b{7,IwM\ZNw@oթ-zwkkM;\'/>cu޳݅WtԧG{uJwyQW5z*m6Ňn;6}/ZIFN1M>6{b=ΏWǊE3ほEzY7{FV\r1bN@LʖbCOK)tL[ѶGוּihUQtA,Z^eܻ{tZK\n\rbgN~{&Y?7>{hfNq}0;sBLOϞ.ܳµ؜f!Q_XySgEDswptiO۸mϥ\0\0`\'\0\0\0#+4n\rwǃ3FQG_on&.=xf/5$,8\"\Z/.y6,\'=+IˣӐ1qxq6{n뮻)nXq8}scͫck\Zn[k{>h}fP;ؿwU,l<=e~C!1`طk|ջȃEꝺ~cclֱx/^!6&٦L[|qc̩33cYzl)٫{֮}Dc_RFyO7pspǣڞq1ccu7;bxtZIϘmvFhT5[o릸9;\\ #{G֛o{-aq=b͋_x|aop]mcҔ61x̰gh<7<[S֨ݰ8`zt]w1bvK{\n\r{G|t76(/kܶ>]?دkV\0\0eU-Z9i\0nk嫢.ZE.r+ԯeDux}]Z]nb=\r+cE]fֵyn1n*N\'{Uފn]:ljuVVSswfk~4oQ<v]nzU1b\ZN7sjbm&TrMui>\nbhS~[7>&/כc[tm˖hkXdU6\0\0Ϳ\0\0\0h۱ctDh۩PgӁm\n~66훱+lhͼq#s˞gZ??&<$-ږz3oi\nV̈77zn|VƳ͍ڪesaA<삈bMAgMtm*d,\\}{mKefXn{llm?\0\00\0\00حs#ZiUnC]m1lܱqpPVŔwcsRVQS~M56vCLxt^C7=XJ`\0\0L\0\0@	ٽ4D1}X&Zu.-w9+bhնs+lyfC,yqZ̭}\Z_ \0\0 \0\0\0\0$\0\0 \0\0\0\0\0\0`\0\0\0\0\0\0\0\0\0\0\0\0\0\0\0\0\0\0\0\0 \'\0\0\0\0\0\0\09!\0\0\0\0\0\0\0	0\0\0\0\0\0\0@N\0\0\0\0\0\0rB\0\0\0\0-a#qĴl\0\0\0v0\0\0\0l\0\0\0v0\0\0\0\0\0\0@NT-Zrm6\0\0ӵKlh	;!|Yum8⠾>+fNVڪhuP|1*}&yl}1[aeL{x屺!Zu>#uXO`L_A7kwEc)ccj<7MG:\n\ZƳ=\Z攭w߃]qu61鱰]=e1{a/=3z!<blαxɪl\0\0G`\0\0\051bEq1v\rYS+;QGwt[9=ɘՉecQM=8a:T,(Vh+z.8$N8ݿ&?9>O-zڹsbd~̝_[1kVV3k~t)U1ex|֚6dd6?w½ۇ}O?:\'jF3jg}a+;]Ѹ \0\0\0@`\0\0\0Q8a478nXX3kr<F^{ˎ#v^qVb:1oq,Y)rP1)BSXv>ѭc28z̨اoc;}Ed91Wg1gaC7z\ZfL\'E{|9pT6ux~R<u؃aGO?\'c_X~x=V\0\0\0\'\0\0\0`;7wb5ĈaK膨]<-_X\ZŹNm&ǬE+}bHNѦlЮ:\ZO+jӺDW۬OX0gQq2vu6$Np}ݿgΜ9cMޱ_~a☷p%z+\"f_ѵo)G꽾l\0\0\0Q\0\0\0lgm}\n\\FXqzx^t{tc쒆u-5*3j?ᘼ}C;7\\}\\;	bE{,ҫ_#:\\gpM߷qk#jZ^{\rj妞Zuk\n/Zd^]+\n\0\0\0l`\0\0\05QA7k\nmw(wELC;x^{㴱}+B28UGjwϔ߮o>8/SǍ#=pBD=Y1wiٯ\r{G6KcU1oъhջWW~U^۰Y,_/mږ7TUU&_L\0\0\0x`\0\0\0%1k	icQtn=S;//nQ}F<\"_=?fL_iM5mFa#㸃F\rszoC],==f--WǨ]#V/[؊FzEepXڦ[J{Ǡmb\n*z5V͏J\"ά|a^aSv	]O>.opVŬ`\0\0\0v<0\0\0\0YM,@<:cq^:x4(ط]c1}i]4 wƄkHgKVM}:|wX]O</ꪺFV/={l=OǴ%m{.)}5ċ3fG~\n3{N̉nѷym{_S &[Y؇0iq3$Fl\'~.\r{\'E/疷jd^|4K]`?l\0\0\0>-^6\0eS]ۂoۧvS\ZˊqVGCcYk߆%]w?\Z;Jj5ٷKxr~=e1Gf7ToȘ1_0RXX[p:/>$}v=qSKA1C\r람yW;tW͌z\"^\\QouƢuVz<~hf,oܮV]QǝO/>>0+xa[ ;%z7\0\0\0\0\0ZhC]XYѺ}thTT\rQre6F\rTVS\n5Ѧ}hRCXQu\\Uu嫢nP_QS{.ha`\0\0\0\0\0鹼;n$MR`1:m*Ml,DMjڦl7nӾޭ	h\0\0=\0\0\0\0\0\0 \'\0\0\0l7Fi\0\0\0ey0\0\0\0@%\0\0 ϴ\0\0\0\0\0\0\0	0\0\0\0\0\0\0@N\0\0\0\0\0\0rB\0\0\0\0\0\0\0`\0\0\0\0\0\0\0\0\0\0\0\0\0\0\0\0\0\0\0\0 \'\0\0\0\0\0\0\09!\0\0\0\0\0\0\0	0\0\0\0\0\0\0@N\0\0\0\0\0\0rB\0\0\0\0\0\0\0`\0\0\0\0\0\0\0\0\0\0\0\0\0\0\0\0\0\0\0\0 \'\0\0\0\0\0\0\09!\0\0\0\0\0\0\0	0\0\0\0\0\0\0@N\0\0\0\0\0\0rB\0\0\0\0\0\0\0`\0\0\0\0\0\0\0\0\0\0\0\0\0\0\0\0\0\0\0\0 \'\0\0\0\0\0\0\09!\0\0\0\0\0\0\0	0\0\0\0\0\0\0@N\0\0\0\0\0\0rB\0\0\0\0\0\0\0`\0\0\0\0\0\0\0\0\0\0\0\0\0\0\0\0\0\0\0\0 \'\0\0\0\0\0\0\09!\0\0\0\0\0\0\0	0\0\0\0\0\0\0@N\0\0\0\0\0\0rB\0\0\0\0\0\0\0`\0\0`//Y\ZuYIѪb|\rJ\0\0\0-^6\0ڥ]6Y59}U٫#ynH݄_ƹ2_Pu1Ň~D4.3qhqf]΍c#_wֺѬ[ߍDtַchtf|%jU\0\0\0\03u7onc[7[bAV/eS͊oV?.\'q+R)8mE*dq뭷gcIL3ͻ-z!+mC3\0\0\0ݓ\0\0\0rei\\ssuT\\s}w-0vXv77gq뚥`a\nĖZKK~N֊wh,~]\\owshlи	փ\0\0\0\0\0+ݏ??1sOpѳn~uJVj	|v&5qbYi51})?\\\\xVTw^Kuu_Φ;6zۗ~6Ż~1%+IoЂlzy9,g5O57<yMZOa/kLL]W}\"*)/o[Lo\rsnoskZY\0\0\0l90\0\0q:3ĥCT|;ߎO/+iڂ}8^oՏ~QLq?7,)VnVָ&e/jqcW\'bu,ޠsi/?NZ+z/}/>ίƍN%/_PoVL7|+7PW[cҢt},t]\\7ą*W}>8k+[Y\0\0\0l90\0\0JxΊ\n?/{8W#>}/E\')n#7^7~>K7nK7_*Zv{ư\"nxSq~ݸW:1~nhΊxV7Ĵ_9~1=Mƪ#vSő#1n,xY,quf~;AgD㛿lܰ%W/~\\]?Sq-7Wx/(蹘Cb7ߏWg\0\0\0\0;\0\0\0r]{U\\11cM;1x\'ī>sK,5C~Ǘ⇿Q5t΋scfϝb4[D4L|mf_4>{o42 N~MV8il\Zi7?ovޑq[->QW-<TXM=y\\+_yOSSO#gk/:3Fd\0\0\0h	`\0\0ȡ}Y*疫㊋Nb\rɿWĸÎ_uFSvc>Om\"Yy<xHtƓ~}{7L\ZS\nZl\\w}p\\N/\roMLG~ݪi\0\0\00\0\0ɬ{Qz\\o{g}3ZFCLxMz4wW㺉KI~yM\\w]37mgON2X68+oaK\ZխY8ҩstјwS.&ϗ_t\0\0\0\0;\0\0\0r%_K>Sw\\|m13e^|8ѧw2>s|\n3Kua/&M\\Et݃Dпu}P/Xc_tYZ\Z=03zCx[uѪX\0\0\0`\0\0@{c+\r7:9^c;7WƯ,W]5wQ?yRa{t-,o{\\GOį/~*2V6ܾY+-^scg!N}Ѷ[}7->ޣ\rcomG8&e w}\\₯]\ZC\0\0\0v0\0\0J8>&zԬHL]^Y85>#krmqY1..cXe1ϗ%|#o֫So]@t95>#}6џ+`a[bGo|:NNq1[o{\'/hO{J]RxU|ן߿}Wŷ~uA;\0\0\0\0;Iբ+f\0\0;]DutoNf,H\"	 .TVj]hSC+ҺȾ5@L&/{ܐńUNo_{|vg3t&-gfߊJݺJlړu֥ebfx_ʹnر?s߰*[2eږ֪5;yoeS\0\0\0Pj{v\0\0l\0\0234\0\0\0\0\0\0@I\0\0\0\0\0\0JB\0\0\0\0\0\0\0P`\0\0\0\0\0\0\0\0\0\0\0\0\0\0\0\0\0\0\0\0$\0\0\0\0\0\0\0%!\0\0\0\0\0\0\0(	0\0\0\0\0\0\0@I\0\0\0\0\0\0JB\0\0\0\0\0\0\0P`\0\0\0\0\0\0\0\0\0\0\0\0\0\0\0\0\0\0\0\0$ַw\0tƏky7޾@P_Q\riUƆZ랧6\0\0#\0\0\0?ikiLKsC\ZSWW[	ix8\ZJO`z21mM{0\0\0efh\0\0(j;I3)\r_\0RP#{Eq(\0\0@y\0D=ǏU%?\0lOq(=w\0\0\07B\0\0PE7W1)=w\0\0B\0\0P/]Q3{\0\0\0C\0\0\0%P⾘Pc>\0gM\0\0o\0\0dj3\0\0\0P>`\0\0(	=\0xC\0\0<\0\0\0\0\0\0\0%!\0\0\0\0\0\0\0(	0\0\0\0\0\0\0@I\0\0\0\0\0\0JB\0\0\0\0\0\0\0P`\0\0\0\0\0\0\0\0\0N\0\0\0N\0\0\0\0\0\0\0P`\0\0\0\0\0\0\0\0\0\0\0\0\0\0\0\0\0\0\0\0$\0\0/tuuo\\5tuW\0\0\0\0ؑõy\0\0(Zjs6<<ϴINwߙvd#d5LF}><hMY:uݜ[Y⧔)GgQKsweQW6gqSl+0KCnsF]sK=rZӚ<~;rmw&kJCCCjS\0\0\0عE90ԳvQzU~t3iJ:\r?Anx<t}Movܱ9YUi^vYU	sqH~,]4uVmM=+떮Xkyۘ\0\0\0!\0\0\0vj=fySfwN^sʁc%54ߟY9s\"4cAÓ9sftuR׳0>P\0\0\0^\0iin͕_1twPF6Zv.b=㌬ퟖCO/joi6aB&n5-Op;2<cN4Wj{r=g֦ur&iJ]:\rkv~Xz(7fh+|\"oʸ3BoV>T6A7dU_ֆ2]\'s^9lJÒs_u<V;NSm^rO~p}}ؓ3<yVZߒO.IWˌLW\\O=-Kgx^z[xt~^]L1M[{O͛^,Ķ3Ù1gJ=1C@ֆ\0\0\0\0ة uM:[t;=sɴIcۄLߚJ{CL<!m=_sUn\"=*5w뵹bƴMͶS2qjGQ]<ylM}!,k^;2jOwf}=6Vj*kiXL۔5y;rۍ7g^Lϓwސ6dcG\\9ٸ|^n,꭭Oo~_Gu㓹\'Ҿ)\0\0\0lE\0\0\0\'Y7|On\'>*#fSY<ȜrљVYOӴegW^i?=z͑,{ziҖYGͶ\'#Xr<!VO9L.wdㆴ>(Ж䵯=3ڜsĤgyV5sjm?y4\'+n9oȔ_מY93뎛{ꡥg9h{sf^{1Л%?u;	ǟ??}vzA\0\0\0\0]<;uAk\\C,~\rݶ)9s!+?;קXٙ\rբݩ>8.sZ{ĳm_)<;r7l[<fvǮ9gJYWY^d|ՒULӳהd,\Zٮm6{G\0\0\0x\0\0\059啯2mT_Vӟx+x{ɷ|?5w>3\0O15y\r3f6=uG?\\YXGq~\\y_6M-/VW\0\0\0)?\0\0\0v虺r2fڡ9镅}g̾9ssߐtl<:lr\"hϦ\'pq*iJcR15G[y_~f:3-\0\0\0:0\0\0Sw=S$yƑ1F5U_gÚuH[wLfMjMۨo`aT9h3O/O]uD}ѡ6Y6;/ecn+fIo%YVy&L>xĢڬ[ߜ{S3au:\ZR\'6\0\0\0y\0\0`ٔl\\5_[Ou$M3s~m#uuՠk_$m,A=>n|8Nd>g#32}rzVua<zAؑG=/ssM1M}3zdf`\'ctt˲nMޝ[~*=#{\0\0\0e`\0\0`9U9i	ճ\"/P/Nr\'e\",;(8.uw}I9yv[W?7>j[)ۦͣ\'e}rsdtd9m<vݹn93>+\'̬(6j|ٻ7Ki\rթ|PN?\0\0\0euۻA\0Zjs6<<ϴINwY[\ZL_W_*sͭ)Fs޾ץi9KWNO]S<ݮzIsۨ҇ӿ`[;5!u˯\0\0\0\0АQg>wHٰu[h4Bwv}\0\0\0xn`\0\0\0\0\0\0\0\0\0\0\0\0\0\0\0\0\0\0\0\0$\0\0\0\0\0\0\0%!\0\0\0wY\0\0\0\0\0\0\0\0\0\0$\0\0\0\0\0\0\0%!\0\0\0\0\0\0\0(	0\0\0\0\0\0\0@I\0\0\0\0\0\0JB\0\0\0\0\0\0\0P`\0\0\0\0\0\0\0\0@f\0`\'3\0\0|\0\0P\"\ru\Z-s+Ž\0\0(0\0\0D]]]\Z;XkV3{Gq\0\0A\0\0\0%21^\0<^Q3{\0\0P`\0\0(V154ԧuT]7	ءQ+{Fqt\0\0^\0\0P/3ڛkm{o:*=7^Q3{\0\0ʣn}{_\0PZǵNTچ| iy^|C`\Z02ip{GOm\0\0G\0\0@ipahhg&\0ؤ\0\0Pf`\0\0JmOEO\"-^7M\0Y,\0\0\0\0ڞ\Z\06_\0)S߂\0\02\0\0Pj{r\0-A0mO|%\0\0\0\0\0\0ؖ\0\02\0\0\0\0\0\0\'\0\0\0\0\0\0\0(	0\0\0\0\0\0\0@I\0\0\0\0\0\0JB\0\0\0\0\0\0\0P`\0\0\0\0\0\0\0\0\0\0\0\0\0\0\0\0\0\0\0\0$\0\0\0\0\0\0\0%!\0\0\0\0\0\0\0(	0\0\0\0\0\0\0@I\0\0\0\0\0\0JB\0\0\0\0\0\0\0P`\0\0\0\0\0\0\0\0\0\0\0\0\0\0\0\0\0\0\0\0$\0\0\0\0\0\0\0%!\0\0\0\0\0\0\0(	0\0\0\0\0\0\0@I\0\0\0\0\0\0JB\0\0\0\0\0\0\0Puۻk\0\0P:ǵsgo~I۬wcִGZ~U>de96\0\0#\0\0\0|\r+Kk[ϴUWdRew}5KszZ3\0{0\0\0efh\0\0(~;FLʫ<}]\0\0\0\0\0@I5O3G#/|s#=OykΩLoܲrx5YyVʂZ;?samHCOE嵦,z>Pǹֳ ~[֦W]?D^|zFCom\n\0\0\0\0\0)3uYS}]˹t$}E<~o\\Q-I4zWfw<QX~v?io7.W|Hr)gݺ<uφ\\]WsWe7\\ΩmESW͢ugΧq^~F6Joڋm=+]^Hwyݺp]:+wMٔ-\0\0\0\0\0\0F8߮,^3.GzhƟ\\\\|eU7?Z΢dƻ%7^qY劫95ǜ0#kFԛpS:+\'ɵW/W|crY[ħ㊟<57T;W~\ZOн嶢-׃O?+*gs]PZOx5)?3r[>l=Y:w?3w>{_?7xUnU\0\0\0\0\0PR~яVռחV\Zǜ_{L[տ?~S\Za,{rAFW^bYu1וk.,[7sün2vt1t6ߺɬ0&eǿ`Θ^YjV^:soȑC=yy˵7=\'K.̴lŤ?7U5Ԃ3_[jbwλ/Mr%T\0\0\0P^`\0\0(5ޘnL?U}2؋^[wgSO8=8+GO#\'+oeI.x͙9ݑ9f6+#z<NMyGV^s`ZsߚJqK/ ]s:)gom3x_ڝ#kX-<hdR&훽k\0\0\0\0e$\0\0:/kӝ7G_PNԕ6G7d+ߗ;m&M~[O90cV徯n~KGj&\"rs13s~O>qH<rpug~9	ɂrǭ<uLv@fyV>S<46_&\0\0\0PF`\0\0#-b)o\'?yLۙ;-ƉdC]\\Os9w!P3ʯs<6yчrE>~r}gb&񺼺Hv8~S֡|rB|Ǖj=+ޘ[3-w̱9չM[_-\0\0\0l\0\0G}W(_ϕW~;alB.[|kΕ_L>bpW^gя>wy.(_~rN?{?o3N+z*O.J>TG>W>O<>i=)/6mk]]9_>]y>1m:+oer\\+yo,5~Uo\0\0\0\0K\0\0\0{SO57uo}>Oǫ{7;=:oVF+_^Gz\'_Ͽx8ؼNJS?e\\vSV>Mz+>ZWNyoT\\zګ*gYʿ|;7O]|fQu\'_l\Zzr_\\6)M2sS~ *\0\0\0\0ʨn}{pm\0\0Jgדu֥ebfN|V0&S~ڿ!+Wwfpzz-˺L91{=R9-\0S\0\0\0Pj`\0`[`\0\0\0\0\0\0\0\0\0%!\0\0\0\0\0\0\0(	0\0\0\0\0\0\0@I\0\0\0\0\0\0JB\0\0\0\0\0\0\0P`\0\0\0\0\0\0\0\0\0\0\0\0\0\0\0\0\0\0\0\0$\0\0\0\0\0\0\0%!\0\0\0\0\0\0\0(	0\0\0\0\0\0\0@I\0\0\0\0\0\0JB\0\0\0\0\0\0\0P`\0\0\0\0\0\0[=\\\0?6Jw`z38c?{nP_Qilsw\0\0|\0\0ڞ\Z\0wdCWZ\ZܐVtv^Z_\0my+(QM=\0\0234\0\0LvUI3~/\0\n_[\0\0B\0\0\0%R\\?v=\'\0;WF1\0\07B\0\0P\"3a\0쪾\0\0P~+\0\0%7X}/\0\0\0@Y\0D_7)_\0r!\0\0(:`e\0\0@\0\0\0\0\0\0JB\0\0\0\0\0\0\0P`\0\0\0\0\0\0\0\0\0\0\0\0\0\0\0\0\0\0\0\0$\0\0\0\0\0\0\0%!\0\0\0\0\0\0\0(	0\0\0\0\0\0\0@I\0\0\0\0\0\0JB\0\0\0\0\0\0\0P`\0\0\0\0\0\0\0\0\0\0\0\0\0\0\0\0\0\'ʯ]hk-\0\0\0/V<\0\0q-=ʵݙ6y_[[ؤqt>=i5yY;rZPvݽ?^|K;?xhVޖ/~_s+2rL;ꕹo˹GOMSm\\3w\0\0|\0\0\0vjYtyVY5Ŵjy.Ayp]ju{YެX[x>r=s,o=EOi\'Nȴ#izz\"/yo?n\0\0s\0RxXt땹{pᩙ]k^n-Oolg.`oݓ3υmzg}=G?zy>/eAw}nDV|g<8Ks񡻷/\0\0P\r?<\0\0NKscmnϰ{ [w\01Y_kk\Z)u\ro;L	;;=>NH]ݕyZz-S&IS] Y;nn<zuGO1M˪\rLojF\",ڌO&4Tkr=]l\'𸉙VwDc7;Ķ,秹%1\'Sҽuyʶ2nFse9f6k;]`mn7%|7\r\\sj.8qJti报}gΉ9#o?|&ٙUaTӞu\0@\Z\0\0xF5C#=s{~x}yjPNcrZ-+W`w7fBfrϤo\"Inxt7MJUw뵹㙢br&OeYUݠreY/˳t۳tN̴iro:M}3yksͽz*٘\'5Oozݑkn:rNr덏eCm=u|,ϥogjAO8}yGoXZW)xb>_ρ_?\0\0m\076d┢@zdr9͙S<\'ip3y/*.\\^ӫ5YGά	͕jE.̵^uzNԜ3s}2aTQQ\'U^۳ze-]*kҒ^bkyVmLLbߢ{3wy9)Ww)g矖}[|Y4>fpqy!dC_79GsY3w_ei9}2T3LdwWlo=\0\0\0lE\0\0\0Yp:ݒ~ܻb0f3n9c29NW׺,zvU,ytAVvL<sTGiNkFJ7Xeb<6mbԬ3fHػjCf4g`ݚjoe+*g\\SgH[W5aZՖȒ{<D̎YٓMmVYp[13,[|{g!VP<~8,5\0\0lA\0\0\0좞_4Kls:&CM?w2ޏߘGn\ZyN&Jϲk~\\𺻳pæ93iTO=\\(ݽ0ϖU˳*Y7\'g)Sqeuh5kW\n\'eǞTm;~ӽqx#im\ZՔ=멙nu95{ˍgN4\\G\\EcU[&/Q֚\0\0\0 \0\0\0vьpsauzc.89i}y2M]qF^}Mo+hC>/oܜ}9h/ν0!zA9z8/=\'-5ncCf̚2:4,[5L;Fi&j礯$viimnWepo!q2cM3so޼G9ӯ)Q{Fo\Zёo7ugƛޕӪ[\0\0\0lM\0\0\0&k2zԌkkMSPz!553UhjͤS^g7%i.Jf<j M3#rʫNHdCG车gt:YS753TdcYߛL>3bĢ,Y\\<_s,^:.\'lq[W9YEgU\Z;}W.73xVso[>rq9ȣs>?yw棿|}\0\0\0``\0\0`7ˊr\rڐn]V\rdc{-sڮ]<7/O&eآdUsx]9>j)JO/iQ9}|l;C2i8>[kemiyH4\\\\~_8ݑ\\U+\0xNr/r@.ȧ>U>Ƽw|ZO\'rjN`\0\0mԭo6b\0\05~\\H9VδI,ܽ̮mкrӭwǌY989xpmr{[ݛMi[&S!GFupǲيL94qHj%Uan^؛	/;\'<?ʫ9\"[>w{Y982ts]CuTN=qNUl^uNz<sM{Qy׷eI|zq{ˑvUo>\\?Mͮ͡W{;/6V[Z2ӗ\\C;31͵=C{GOm\0\0G\0\0@	ݛ4i\rw0uMim~`_wzb8Zn0ߝGow9/?\0xDV}7?\"#Giδ^{<qo,!\0\0\0C\0\0@	~~ϣ^Oaw	\0<\0\0\0\0|\0<X\0\0\0\0\0\0P`\0\0\0\0\0\0\0\0\0\0\0\0\0\0\0\0\0\0\0\0$\0\0\0\0\0\0\0%!\0\0\0\0\0\0\0(	0\0\0\0\0\0\0@I\0\0\0\0\0\0JB\0\0\0\0\0\0\0P`\0\0\0\0\0\0\0\0\0\0\0\0\0\0\0\0Jfx6\0;\0\0#\0\0iPm	\0[]e\0@\0DG5w\0;W\0\0P`\0\0(td`P/`\0vͨ\0\0P`\0\0(mkJ>!0\0ϩr(&\0\0<|\0imiL[eZޛήj<\0{moM\riT[\0\0ʢn}{_\0PZǵ<CLo`|]Z_O_\rg>=;zjs\0\0P>`\0\0JmO\0\0Pf\0\0\0\0\0\0(	0\0\0\0\0\0\0@I\0\0\0\0\0\0JB\0\0\0\0\0\0\0P`\0\0\0\0\0\0\0\0\0\0\0\0\0\0\0\0\0\0\0\0$\0\0\0\0\0\0\0%!\0\0\0\0\0\0\0(	0\0\0\0\0\0\0@I\0\0\0\0\0\0JB\0\0\0\0\0\0\0P`\0\0\0\0\0\0\0\0\0\0\0\0\0\0\0\0\0\0\0\0$\0\0\0\0\0\0\0%!\0\0\0\0\0\0\0(	0\0\0\0\0\0\0@I\0\0\0\0\0\0Jn}{pm\0\0Jgܞ:}]Yd_:\rdx(Ẻ6pdg;)ԍ}j^̱v^3Ҹ{opWQ=SÚ׮f*l/J5~/쨦uQMau?{s׌4}mf7ܕ}vb}4T[g65G5õw\0\0|\0\0ڞ\0>k˻\ZluMuj{;)ԍ}j^̱v^3Ҹ{opWQ=#\0޴/쨦uQMau?{s׌4}mf7ܕ}vr=>~f\0(3C@\0@I]k/~6ECy6CWwZ\0\0\0\0@	]WwԖ\0`kxO\0\0JJ\0\0\0%M_\0v\0\0P`\0\0(X_ks\0\0@Y\0D޿.*	0\0\0\0\0\0Jd9\0\0\0\0P\"K{#\0\0L\0\0P\"%>\0ϒ\rC9\0\0\0\0P\"~48\\\0\0JA\0\0\0\0\0\0\0P`\0\0\0\0\0\0\0\0\0\0\0\0\0\0\0\0\0\0\0\0$\0\0\0\0\0\0\0%!\0\0\0\0\0\0\0(	0\0\0\0\0\0\0@I\0\0\0\0\0\0JB\0\0\0\0\0\0\0P`\0\0\0~qkM4|rz~&kM\0\0\0N\0\0\0/NC]FWZ/ʹטֺ_s\0\0\0\0\0\0\0\0\0\0\0\0-y߻plrtSVƜv֯G<&jHf7o-֪v٬ּM/||m2}\n\0\0\0~aַw\0tƏk>yj3[^uv\\S{yj\n#u#/f_;)n¦s׌4}mf7ܕ}v:iRrqK&?ЪNu&_Ӝ\rZY瀱QGڪӛsY-\'ĺ\\U[3;qb|grn5h?qBbד45t#ܙypuvTSqk5#g_ۯz\rwes>/Gͦ];E;T<?T3w\0\0|\0\0\0%a꩓p<ҙ_6vWݘMo36j;GߡwOґ-)7gLk7T+:sC4O8-=}\0\0\0~\0\0\04gdr\rn^!?x7О}+O%-WϨvtΚ\\yϕНݘ|mq2jkW͇֙֙bE}>Z\0\0\0`\0\0\0^ZsPCyލYUmy3w.)f3kjki}O\'M5GW[zMB_Z5T\0\0_0\0\0\0oOYvgeYn$|mn1w΄ή-CښJmgm\0\0\0F\0\0\0/kwMp\n\0\0\0{\n0\0\0\0b!UmBS6΁⎑ӫs21j\0\0\0P6`\0\0\0^rWo}<i\\iʱ9sFefh ^MsO{Ȁ\'njk2	%\0\0\0(0\0\0\0\Zs_7?y:MG/?ؘ}ɨG{jSN?9c+?,*j+7\'uy\\3򝿞/nK˒\0\0@\0\0%PP+y#ep69M9lC]+wW珿ٕ7\rfG\rfdh\0\0\0(Z\0\0PJǵhauukE;Tmo}aG5v\\yaS͋9kF\ZwϾ_>\n|vXSx>ڵYٯ;8\'ϪvsωsŻZ2iCO>ujS{6qMuj{;)l]¾kk5#g_ۯz\rwes>>6qMm}ўd\0\0\0\0\0Zܛ;gLh;הNڪ\ZrQRD]CCyz\0\0\0JC\0\0\0@~5eǦKL_#*?\n\r֛:h\0\0\0B\0\0\0@	uS_}p wߦ^t˕__?}V\0\0\0\0\0g\0oYkv;[_QMankG5m^Tbݳl~󆻲93N7ٕkvx;[_QMaw~x/X;i=~7o+(_F\0@\0\0\0\0\0\0P`\0\0\0\0\0\0\0\0\0\0\0\0\0\0\0\0\0\0\0\0$\0\0\0\0\0\0\0%!\0\0	穡6\0\0_\0@X]X\02	\0\0JdG\0`ל0\0@\0D:6\0js\0\0@\0D:sLM֓]3{\\}~\0\0P`\0\0(:6\0/^Z\0\0B\0\0\0%S>jK\0}}|޿\0\0PB`\0\0(s=I_\0\0PF`\0\0(\"7dgPS<G\0ַw\0tƏk3וOc@-m^{-JvHH׎j\n;ۼk5#g_ۯz\rwes>u;)<}l.qMmb®m]j\n[฻v\\{1yHk^y]Ga/GCeq9~fc^PSm\0\0\0\0R\0\0\0\0Pf\0\0\0\0\0\0(	0\0\0\0\0\0\0@I\0\0\0\0\0\0JB\0\0\0\0\0\0\0P`\0\0\0\0\0\0\0\0\0\0\0\0\0\0\0\0\0\0\0\0$\0\0\0\0\0\0\0%!\0\0\0\0\0\0\0(	0\0\0\0\0\0\0@I\0\0\0\0\0\0JB\0\0\0\0\0\0\0P`\0\0\0\0\0\0\0\0\0\0\0\0\0\0\0\0\0\0\0\0$\0\0\0\0\0\0\0%!\0\0\0\0\0\0\0(	0\0\0\0\0\0\0@I\0\0\0\0\0\0JB\0\0\0\0\0\0\0P`\0\0\0\0\0\0\0\0\0\0\0\0\0\0\0\0\0\0\0\0$\0\0\0\0\0\0\0%!\0\0\0\0\0\0\0(õy\0\0(Zjs|8-;y+ז~nc2fB[jM?coLKL=sPk/e-_jvu3ukTY\'o<6S~t^{V+ԧuJsN9qɿ}J4e|ێ9l7/\'9yfZV?IO䬜;Eߜ^^k硽6\0\00\0\0֒Yǝz:`^/yc[\\\'\'}wIgb}Ç>%o9>VܑтJ1y%o{sǗZ+w.m{u[_{G\0\0\0\0\0/aM|Q9حel\\ߞugpddgm|ɬڢv늂cvK=FjwUYYeg#\\%7Ë殕`O:޵x;znw}m[bmCIѣy]ẑ<xcmMųײ1\nWd]~9Geք9б[(j%4-\'jBm?5!5ek#vUoeO_m+iMv^#vly|\r%ÕZ/U۱{s6Q;֎η~~l}Rmj3Y7[\ZYWo]=ˆ|<{QWr;2\0\0\0^Z\r\0@ĪC\'/rQ^5ֶ!oH\Z\ZdAg1ՂGݔ}Oghloc\\53ÍcN>Oܒ\'fvd`=SWL͉SػadH*d֙ȅ\r\r=#|\'5O#0d1WϚȃo8wOckS{{34ȼӳOQ;^Ǽ3>mt]ʥ̌~-8zMg2j\\o\\\'\r=.3ܬI\Z+ָw>smzkY;+ſvz~vp!8-}Q[Pjy	M,eKߨ\re9g}bzN\rKYte;_^{+7չmp*Di~\\82,ʊw|=P\ZTί8ߖ9ez*_ƜP\\s_%yg;3<?MˁE@.Yw[bw[.Vek}}ǵd=7o4.\r9\r7_1G\\pnj́`prt}tM뒖QIOw2Ur%ckD\Z\02\0\0(мχЅ7ՌX9y	a:?_ϻ(V}K_qwڢk?Εwg/ÿ}QΚڞ;<؝|E+TWon?};ӝqRr\rO$gȆ7#ߞV)ߓX|wg5f\'+,ū3jԨlK6iٕ_6J!o·}O~xoN86W._%l[[ϊ;=ޗi9eUG2qvsu֕o\r倏|K{OSՊ߻3x|_=>K۞2ss[gK.t|cO_.9&䢯MSM˟|m{sHusycY󝖣[{r͗kO؞k՗o+P\\w^wPNGNO<%{{3ᢸbaw֧ycolJ͒wBce+?˵y-]>\'9Oᶵt,_Z}vv=_yu|_e#ߛ;ӷngP嫱w̨v>or+vUnmViͩQ5=9e\\}[嚆nXS\0\0\0\0\0/a2?9s[NŪg^u]4̜wZ7bcFzp}`dֱyAcGz6Lɯ>,R:%fl{)=,J_gmhʴsō3857ߛ_?g#ϊ%#˽=jh̨Jy.ɅGϽ!ϙjT.o͡Iř_4u?4f߃~<5/Ax\ZubW2rtcWջ6fΫߙw2־}ru_Z/|l}5Z+k2\'=i8m|^_Q9WGgTCvW7K}f]O>7SoqC79S1\r\'s\ZrFv0ѵ@sqg<1Д.7m{c_+/]7\Zҿ/ˋ`]\Z)}lv>Rm3u(玄19,;.7[rÝyhyCSF\ZuԼ񜆬sSrXy=ygF͞ל]4vYNyVQX𓮬wLrncs5.4e[[׷nwPHӨ\'\r:\0\0xi\0\0\0/as%rzp6fxS%SCYU_tnLL\\j&\r]AML\Ztu\Zv<oK>2}eÔ_9)k=W翾\\zeJO8ֲ<7\\/+߻<n3NwٙYDea,ɴ:aFΒ/x&+gEkuiȴ\r]<^\\Zz-WtToq7#Twݗu;XnbcWεE͸Q~U{2ݵY*_l޾2}ǃIVS5͏ݫrƟϾ7Y|柊c|ʱGzeO3Ϊϒ˗oLU	吣\ZPwe Gg1ᡌ?5}mҘij{v\\}no\r<k_AT۩b9Vӄly\Z;/[|]>;볰۸fWNa^@}\\5w8Y7Py_\0\0\0^z\0\0KX}F66}(=H1Lr1{޷lt?o_\\To&tT^yޅٵUKޓ|+s1W+C,yjQ=,3f堆3{چ<d{?\"vwNCLk)].)+\Znrp[N븭W^2!\'<~m<+?^ZGꭷ?Kn#Do5?w37_X>ә9Iy_핋h77~fY;[wrsf^{gz!iޕ<;V5ӷ|N/-[]*3O}Tq^~Go\0\00\0\0PNS\'d\\f٢r&c\'Yydʄt,~*kj-\'dUm~SMgt/ʍ0/w7Z0?ʙ :ژtlLFs`Nyk_{gNқ\'{r֧%̚UO瑕3ci^z_^1icVyglzlUOܶ/My>?w~y}-	Q9UrҦ19q9pᾎjAOw~[Ӽ+;1c\Z3jqLǟ::GV{c>1t̜ڐώC^1ɸySs\'ޔ.xYKf5grls)վ-7eոƌ@<V[yj@`=3u&ߙ\rI\ZO[~\ZRt-cNcNi|\0\0\0rqDܛy]yաrͣr9R\r92\\>_/[o\Zݓo߱<Ũ=s}s^cG5Y?[~ު,zlCǺn^֏zSֹ#yr]6v\\uyg)k偕Sa#m=hLY0OtNˁGlz.^>&GNc7\\;ϊ;~;VS7K}#W?ecFe\rEhژkM׆u×/?^뿽4sd@_/]\r\r0<z|N:.<7?5PZ%Zl<nbto\rg#u]YVx0k^7\\][|wԆuνT8aW&󯪜1mٯ6&>wO}36GC+߉sZ0g#U?g͋톲u݁ke__Hu灁<,	rȸ3{ wͦk\ZJSk,ɥ_%\0\0\04|k\0\0P:-ͻI^:އ3񈣲n5\'-ޕ[/s#^ϜAaW;N;!/ۢb}s䜦zbA{rqoq?,.~~~ٿees=fi>910-?;o+?ڗ7cGl?-7<;+ǺqH.^L3=CO>۪zwxhE>)o}!]9ji̚Ge٘CN5-(όݢbWsypu_Yнk2ݗ73k;wa{f#f<׿,Ƭ{tN:j\06d͝ypP{u[Ֆ\'o^әW7Oٳ\ZQ9`_#뿽!-ȏWS7l1:o̬9k@rCnVG+Vla绵<h8OhCnf\\*oqS?r(OWsGgܔЕ;=7^Q\\,h:-Gsgk&u疻߅r^nep\"Dsb=r9}`&3)io$\'L\\wxߚ2t_gnf]{y!g!JzAʹ_7I\Z\'ڞqƴw*_vGy	տ~`G.w}v]_ꎞwNo\0\0W{?\0r?nS\\ŞlgC:zcS488-7?wSێ5Ug5ey=ocPWmϨ㳣C\\kvۅ߁lθʿ<?#C#wW:~Rv=U|b` S۶V5ֶ{e;;׊ڹ67fҸTl0՗IQi}g3]]Lmћmߜ1?F{qS\0\0\0\0Pj`^\r?_?ǽ9uzjgѵ?T;r椑:\0^\0\0\0\0R\0~n[]}kUØc&o&\0/`\0\0L\0\0@	y16\r4ēeɋ`ͩQ&`\0\0L\0\0@	m	\0(+\0\0\0\0\0\0\0/q`\0\0\0\0\0\0\0\0\0\0\0\0\0\0\0\0\0\0\0\0$\0\0\0\0\0\0\0%!\0\0\0\0\0\0\0(	0\0\0\0\0\0\0@I\0\0\0\0\0\0JB\0\0\0\0\0\0\0P`\0\0\0\0\0\0\0\0\0\0\0\0\0\0\0\0\0\0\0\0$\0\0\0\0\0\0\0%!\0\0\0\0\0\0\0(	0\0\0\0\0\0\0@I\0\0\0\0\0\0JB\0\0\0\0\0\0\0P`\0\0\0\0\0\0\0\0\0\0\0\0\0\0\0\0\0\0\0\0$\0\0\0\0\0\0\0%!\0\0\0\0\0\0\0(	0\0\0\0\0\0\0@I\0\0\0\0\0\0JB\0\0\0\0\0\0\0P`\0\0\0\0\0\0\0\0\0\0\0\0\0\0\0\0\0\0\0\0$\0\0\0\0\0\0\0%!\0\0\0\0\0\0\0(	0\0\0\0\0\0\0@I\0\0\0\0\0\0JB\0\0\0\0\0\0\0P`\0\0\0\0\0\0\0\0\0\0\0\0\0\0\0\0\0\0\0\0$\0\0\0\0\0\0\0%!\0\0\0\0\0\0\0(	0\0\0\0\0\0\0@I\0\0\0\0\0\0JB\0\0\0\0\0\0\0P`\0\0\0\0\0\0\0\0\0\0\0\0\0\0\0\0\0\0\0\0$\0\0\0\0\0\0\0%!\0\0\0\0\0\0\0(	0\0\0\0\0\0\0@I\0\0\0\0\0\0JB\0\0\0\0\0\0\0P`\0\0\0\0\0\0\0\0\0\0\0\0\0\0\0\0\0\0\0\0$\0\0\0\0\0\0\0%!\0\0\0\0\0\0\0(	0\0\0\0\0\0\0@I\0\0\0\0\0\0JB\0\0\0\0\0\0\0P`\0\0\0\0\0\0\0\0\0\0\0\0\0\0\0\0\0\0\0\0$\0\0\0\0\0\0\0%!\0\0\0\0\0\0\0(	0\0\0\0\0\0\0@I\0\0\0\0\0\0JB\0\0\0\0\0\0\0P`\0\0\0\0\0\0\0\0\0\0\0\0\0\0\0\0\0\0\0\0$\0\0\0\0\0\0\0%!\0\0\0\0\0\0\0(	0\0\0\0\0\0\0@I\0\0\0\0\0\0JB\0\0@\r\r\r\0\0|6\0\0\0\0`m\0g\0\0O\0\0@\0\0|6\0\0\0\0ZWW3A\0\0\0L\0\0@544dcWOm	\0ؓ	\0\0Pf`\0\0J\Z\0oNO`OV|(>\0(;0\0\0V__Ƭo =T,P|&(>\0\0@\0@555:=\0=g\0\0(~\0@\r\r\r7ÕFnMssS\Z\ZR__Wm\0^w`p0#C>wTs޿\0\0\0\01!p__j-\0@gԨQ_\0\0`\0\08I\0U	\0\0$`\0\0\0\0\0\00\r\0\0\0\0\0\0@I\0\0\0\0\0\0JB\0\0\0\0\0\0\0P`\0\0\0\0\0\0\0\0\0\0\0\0\0\0\0\0\0\0\0\0$\0\0\0\0\0\0\0%!\0\0\0\0\0\0\0(	0\0\0\0\0\0\0@I\0\0\0\0\0\0JB\0\0\0\0\0\0\0P`\0\0\0\0\0\0\0\0\0\0\0\0\0\0\0\0\0\0\0\0$\0\0\0\0\0\0\0%!\0\0\0\0\0\0\0(	0\0\0\0\0\0\0@I\0\0\0\0\0\0JB\0\0\0\0\0\0\0P`\0\0\0\0\0\0\0\0\0\0\0\0\0\0\0\0\0\0\0\0$\0\0\0\0\0\0\0%!\0\0\0\0\0\0\0(	0\0\0\0\0\0\0@I\0\0\0\0\0\0JB\0\0\0\0\0\0\0P`\0\0\0\0\0\0\0\0\0\0\0\0\0\0\0\0\0\0\0\0$\0\0\0\0\0\0\0%!\0\0\0\0\0\0\0(	0\0\0\0\0\0\0@I\0\0\0\0\0\0JB\0\0\0\0\0\0\0P`\0\0\0\0\0\0\0\0\0\0\0\0\0\0\0\0\0\0\0\0$\0\0\0\0\0\0\0%!\0\0\0\0\0\0\0(	0\0\0\0\0\0\0@I\0\0\0\0\0\0JB\0\0\0\0\0\0\0P`\0\0\0\0\0\0\0\0\0\0\0\0\0\0\0\0\0\0\0\0$\0\0\0\0\0\0\0%!\0\0\0\0\0\0\0(	0\0\0\0\0\0\0@I\0\0\0\0\0\0JB\0\0\0\0\0\0\0P`\0\0\0\0\0\0\0\0\0\0\0\0\0\0\0\0\0\0\0\0$\0\0\0\0\0\0\0%!\0\0\0\0\0\0\0(	0\0\0\0\0\0\0@I\0\0\0\0\0\0JB\0\0\0\0\0\0\0P`\0\0\0\0\0\0\0\0\0\0\0\0\0\0\0\0\0\0\0\0$\0\0\0\0\0\0\0%!\0\0\0\0\0\0\0(	0\0\0\0\0\0\0@I\0\0\0\0\0\0JB\0\0\0\0\0\0\0P`\0\0\0\0\0\0\0\0\0\0\0\0\0\0\0\0\0\0\0\0$\0\0\0\0\0\0\0%!\0\0\0\0\0\0\0(	0\0\0\0\0\0\0@I\0\0\0\0\0\0JB\0\0\0\0\0\0\0P`\0\0\0\0\0\0\0\0\0\0\0\0\0\0\0\0\0\0\0\0$\0\0\0\0\0\0\0%!\0\0\0\0\0\0\0(	0\0\0\0\0\0\0@I\0\0\0\0\0\0JB\0\0\0\0\0\0\0P`\0\0\0\0\0\0\0\0\0\0\0\0\0\0\0\0\0\0\0\0$\0\0\0\0\0\0\0%!\0\0\0\0\0\0\0(	0\0\0\0\0\0\0@I\0\0\0\0\0\0JB\0\0\0\0\0\0\0P`\0\0\0\0\0\0\0\0\0\0\0\0\0\0\0\0\0\0\0\0$\0\0\0\0\0\0\0%!\0\0\0\0\0\0\0(	0\0\0\0\0\0\0@I\0\0\0\0\0\0JB\0\0\0\0\0\0\0P`\0\0\0\0\0\0\0\0\0\0\0\0\0\0\0\0\0\0\0\0$\0\0\0\0\0\0\0%!\0\0\0\0\0\0\0(	0\0\0\0\0\0\0@I\0\0\0\0\0\0JB\0\0\0\0\0\0\0P`\0\0\0\0\0\0\0\0\0\0\0\0\0\0\0\0\0\0\0\0$\0\0\0\0\0\0\0%!\0\0\0\0\0\0\0(	0\0\0\0\0\0\0@I\0\0\0\0\0\0JB\0\0\0\0\0\0\0P`\0\0\0\0\0\0\0\0\0\0\0\0\0\0\0\0\0\0\0\0$\0\0\0\0\0\0\0%!\0\0\0\0\0\0\0(	0\0\0\0\0\0\0@I\0\0\0\0\0\0JB\0\0\0\0\0\0\0P`\0\0\0\0\0\0\0\0\0\0\0\0\0\0\0\0\0\0\0\0$\0\0\0\0\0\0\0%!\0\0\0\0\0\0\0(	0\0\0\0\0\0\0@I\0\0\0\0\0\0JB\0\0\0\0\0\0\0P`\0\0\0\0\0\0\0\0\0\0\0\0\0\0\0\0\0\0\0\0$\0\0\0\0\0\0\0%!\0\0\0\0\0\0\0(	0\0\0\0\0\0\0@I\0\0\0\0\0\0JB\0\0\0\0\0\0\0P`\0\0\0\0\0\0\0\0\0\0\0\0\0\0\0\0\0\0\0\0$\0\0\0\0\0\0\0%!\0\0\0\0\0\0\0(	0\0\0\0\0\0\0@I\0\0\0\0\0\0JB\0\0\0\0\0\0\0P`\0\0\0\0\0\0\0\0\0\0\0\0\0\0\0\0\0\0\0\0$\0\0\0\0\0\0\0%!\0\0\0\0\0\0\0(	0\0\0\0\0\0\0@I\0\0\0\0\0\0JB\0\0\0\0\0\0\0P`\0\0\0\0\0\0\0\0\0\0\0\0\0\0\0\0\0\0\0\0$\0\0\0\0\0\0\0%!\0\0\0\0\0\0\0(	0\0\0\0\0\0\0@I\0\0\0\0\0\0JB\0\0\0\0\0\0\0P`\0\0\0\0\0\0\0\0\0\0\0\0\0\0\0\0\0\0\0\0$\0\0\0\0\0\0\0%!\0\0\0\0\0\0\0(	0\0\0\0\0\0\0@I\0\0\0\0\0\0JB\0\0\0\0\0\0\0P`\0\0\0\0\0\0\0\0\0\0\0\0\0\0\0\0\0\0\0\0$\0\0\0\0\0\0\0%!\0\0\0\0\0\0\0(	0\0\0\0\0\0\0@I\0\0\0\0\0\0JB\0\0\0\0\0\0\0P`\0\0\0\0\0\0\0\0\0\0\0\0\0\0\0\0\0\0\0\0$\0\0\0\0\0\0\0%!\0\0\0\0\0\0\0(	0\0\0\0\0\0\0@I\0\0\0\0\0\0JB\0\0\0\0\0\0\0P`\0\0\0\0\0\0\0\0\0\0\0\0\0\0\0\0\0\0\0\0$\0\0\0\0\0\0\0%!\0\0\0\0\0\0\0(	0\0\0\0\0\0\0@I\0\0\0\0\0\0JB\0\0\0\0\0\0\0P`\0\0\0\0\0\0\0\0\0\0\0\0\0\0\0\0\0\0\0\0$\0\0\0\0\0\0\0%!\0\0\0\0\0\0\0(	0\0\0\0\0\0\0@I\0\0\0\0\0\0JB\0\0\0\0\0\0\0P`\0\0\0\0\0\0\0\0\0\0\0\0\0\0\0\0\0\0\0\0$\0\0\0\0\0\0\0%!\0\0\0\0\0\0\0(	0\0\0\0\0\0\0@I\0\0\0\0\0\0JB\0\0\0\0\0\0\0P`\0\0\0\0\0\0;쳇k\0\0n\0\0\0}ٵ9\0B`\0\0\0\0\0\0RHһ\0\0\0\0IENDB`','2025-01-19',NULL,1,1);
/*!40000 ALTER TABLE `Complaint` ENABLE KEYS */;
UNLOCK TABLES;

--
-- Table structure for table `Complaint_Assignment`
--

DROP TABLE IF EXISTS `Complaint_Assignment`;
/*!40101 SET @saved_cs_client     = @@character_set_client */;
/*!40101 SET character_set_client = utf8 */;
CREATE TABLE `Complaint_Assignment` (
  `Complaint_Id` int(11) NOT NULL,
  `Worker_Id` int(11) NOT NULL,
  `Date_Assigned` timestamp NOT NULL DEFAULT current_timestamp() ON UPDATE current_timestamp(),
  `Remarks` varchar(255) DEFAULT NULL,
  PRIMARY KEY (`Complaint_Id`,`Worker_Id`),
  KEY `Worker_Id` (`Worker_Id`),
  CONSTRAINT `Complaint_Assignment_ibfk_1` FOREIGN KEY (`Complaint_Id`) REFERENCES `Complaint` (`Complaint_ID`) ON DELETE CASCADE ON UPDATE CASCADE,
  CONSTRAINT `Complaint_Assignment_ibfk_2` FOREIGN KEY (`Worker_Id`) REFERENCES `Maintenance_Worker` (`Worker_Id`) ON DELETE CASCADE ON UPDATE CASCADE
) ENGINE=InnoDB DEFAULT CHARSET=utf8mb4 COLLATE=utf8mb4_general_ci;
/*!40101 SET character_set_client = @saved_cs_client */;

--
-- Dumping data for table `Complaint_Assignment`
--

LOCK TABLES `Complaint_Assignment` WRITE;
/*!40000 ALTER TABLE `Complaint_Assignment` DISABLE KEYS */;
INSERT INTO `Complaint_Assignment` VALUES (1,1,'2025-01-09 16:47:26',''),(2,2,'2025-01-09 15:02:50',''),(4,1,'2025-01-09 15:37:29',''),(5,2,'2025-01-09 15:35:47',''),(6,1,'2025-01-12 06:45:54',''),(39,2,'2025-01-13 05:46:34',''),(40,1,'2025-01-12 06:44:04','');
/*!40000 ALTER TABLE `Complaint_Assignment` ENABLE KEYS */;
UNLOCK TABLES;

--
-- Table structure for table `Complaint_Status`
--

DROP TABLE IF EXISTS `Complaint_Status`;
/*!40101 SET @saved_cs_client     = @@character_set_client */;
/*!40101 SET character_set_client = utf8 */;
CREATE TABLE `Complaint_Status` (
  `Status_ID` int(11) NOT NULL AUTO_INCREMENT,
  `Complaint_Status` enum('Assigned','Pending','In Progress','Resolved') NOT NULL DEFAULT 'Pending',
  `Description` text DEFAULT NULL,
  `Date_Update_Status` timestamp NOT NULL DEFAULT current_timestamp() ON UPDATE current_timestamp(),
  `Complaint_ID` int(11) NOT NULL,
  PRIMARY KEY (`Status_ID`),
  KEY `Complaint_ID` (`Complaint_ID`),
  CONSTRAINT `Complaint_Status_ibfk_1` FOREIGN KEY (`Complaint_ID`) REFERENCES `Complaint` (`Complaint_ID`)
) ENGINE=InnoDB AUTO_INCREMENT=43 DEFAULT CHARSET=utf8mb4 COLLATE=utf8mb4_general_ci;
/*!40101 SET character_set_client = @saved_cs_client */;

--
-- Dumping data for table `Complaint_Status`
--

LOCK TABLES `Complaint_Status` WRITE;
/*!40000 ALTER TABLE `Complaint_Status` DISABLE KEYS */;
INSERT INTO `Complaint_Status` VALUES (6,'Assigned','Complaint has been assigned to a worker','2025-01-09 15:24:10',2),(7,'Assigned','Complaint has been assigned to a worker','2025-01-09 15:36:39',5),(8,'Assigned','Complaint has been assigned to a worker','2025-01-09 15:37:29',4),(9,'Assigned','Complaint has been assigned to a worker','2025-01-09 16:47:26',1),(10,'Assigned','Complaint has been assigned to a worker','2025-01-12 06:44:04',40),(11,'Assigned','Complaint has been assigned to a worker','2025-01-12 06:45:54',6),(12,'Assigned','Complaint has been assigned to a worker','2025-01-13 05:46:34',39),(37,'Pending',NULL,'2025-01-18 17:11:35',65),(38,'Pending',NULL,'2025-01-18 17:15:13',66),(41,'Pending',NULL,'2025-01-19 09:37:25',69),(42,'Pending',NULL,'2025-01-19 09:42:16',70);
/*!40000 ALTER TABLE `Complaint_Status` ENABLE KEYS */;
UNLOCK TABLES;

--
-- Table structure for table `Floor`
--

DROP TABLE IF EXISTS `Floor`;
/*!40101 SET @saved_cs_client     = @@character_set_client */;
/*!40101 SET character_set_client = utf8 */;
CREATE TABLE `Floor` (
  `Floor_ID` int(11) NOT NULL AUTO_INCREMENT,
  `Floor_No` int(11) NOT NULL,
  `Block_ID` int(11) NOT NULL,
  PRIMARY KEY (`Floor_ID`),
  KEY `Block_ID` (`Block_ID`),
  CONSTRAINT `Floor_ibfk_1` FOREIGN KEY (`Block_ID`) REFERENCES `Block` (`Block_ID`),
  CONSTRAINT `CONSTRAINT_1` CHECK (`Floor_No` between 1 and 9)
) ENGINE=InnoDB AUTO_INCREMENT=46 DEFAULT CHARSET=utf8mb4 COLLATE=utf8mb4_general_ci;
/*!40101 SET character_set_client = @saved_cs_client */;

--
-- Dumping data for table `Floor`
--

LOCK TABLES `Floor` WRITE;
/*!40000 ALTER TABLE `Floor` DISABLE KEYS */;
INSERT INTO `Floor` VALUES (1,1,1),(2,2,1),(3,3,1),(4,4,1),(5,5,1),(6,6,1),(7,7,1),(8,8,1),(9,9,1),(10,1,2),(11,2,2),(12,3,2),(13,4,2),(14,5,2),(15,6,2),(16,7,2),(17,8,2),(18,9,2),(19,1,3),(20,2,3),(21,3,3),(22,4,3),(23,5,3),(24,6,3),(25,7,3),(26,8,3),(27,9,3),(28,1,4),(29,2,4),(30,3,4),(31,4,4),(32,5,4),(33,6,4),(34,7,4),(35,8,4),(36,9,4),(37,1,5),(38,2,5),(39,3,5),(40,4,5),(41,5,5),(42,6,5),(43,7,5),(44,8,5),(45,9,5);
/*!40000 ALTER TABLE `Floor` ENABLE KEYS */;
UNLOCK TABLES;

--
-- Table structure for table `Hostel_Staff`
--

DROP TABLE IF EXISTS `Hostel_Staff`;
/*!40101 SET @saved_cs_client     = @@character_set_client */;
/*!40101 SET character_set_client = utf8 */;
CREATE TABLE `Hostel_Staff` (
  `Staff_ID` int(11) NOT NULL AUTO_INCREMENT,
  `Staff_No` varchar(5) NOT NULL,
  `Name` varchar(25) NOT NULL,
  `Email` varchar(50) NOT NULL,
  `Password` varchar(12) NOT NULL,
  `Phone_No` varchar(10) NOT NULL,
  PRIMARY KEY (`Staff_ID`),
  UNIQUE KEY `Staff_No` (`Staff_No`),
  UNIQUE KEY `Email` (`Email`),
  UNIQUE KEY `Phone_No` (`Phone_No`)
) ENGINE=InnoDB AUTO_INCREMENT=6 DEFAULT CHARSET=utf8mb4 COLLATE=utf8mb4_general_ci;
/*!40101 SET character_set_client = @saved_cs_client */;

--
-- Dumping data for table `Hostel_Staff`
--

LOCK TABLES `Hostel_Staff` WRITE;
/*!40000 ALTER TABLE `Hostel_Staff` DISABLE KEYS */;
INSERT INTO `Hostel_Staff` VALUES (1,'S01','Anuar Haris','harris@gmail.com','abc123','0123456789'),(2,'S02','Hee Siew Chan','hee@gmail.com','abc124','0123456689'),(3,'S03','Nadia Abdullah','nadia@gmail.com','abc125','0123456798'),(4,'S04','Ravi Kumar','ravi.kumar@gmail.com','abc126','0123456897'),(5,'S05','Aina Zainal','aina.zainal@gmail.com','abc127','0123456996');
/*!40000 ALTER TABLE `Hostel_Staff` ENABLE KEYS */;
UNLOCK TABLES;

--
-- Table structure for table `House`
--

DROP TABLE IF EXISTS `House`;
/*!40101 SET @saved_cs_client     = @@character_set_client */;
/*!40101 SET character_set_client = utf8 */;
CREATE TABLE `House` (
  `House_ID` int(11) NOT NULL AUTO_INCREMENT,
  `House_No` int(11) NOT NULL,
  `Floor_ID` int(11) NOT NULL,
  PRIMARY KEY (`House_ID`),
  KEY `Floor_ID` (`Floor_ID`),
  CONSTRAINT `House_ibfk_1` FOREIGN KEY (`Floor_ID`) REFERENCES `Floor` (`Floor_ID`),
  CONSTRAINT `CONSTRAINT_1` CHECK (`House_No` between 1 and 12)
) ENGINE=InnoDB AUTO_INCREMENT=217 DEFAULT CHARSET=utf8mb4 COLLATE=utf8mb4_general_ci;
/*!40101 SET character_set_client = @saved_cs_client */;

--
-- Dumping data for table `House`
--

LOCK TABLES `House` WRITE;
/*!40000 ALTER TABLE `House` DISABLE KEYS */;
INSERT INTO `House` VALUES (1,1,1),(2,2,1),(3,3,1),(4,4,1),(5,5,1),(6,6,1),(7,7,1),(8,8,1),(9,9,1),(10,10,1),(11,11,1),(12,12,1),(13,1,2),(14,2,2),(15,3,2),(16,4,2),(17,5,2),(18,6,2),(19,7,2),(20,8,2),(21,9,2),(22,10,2),(23,11,2),(24,12,2),(25,1,3),(26,2,3),(27,3,3),(28,4,3),(29,5,3),(30,6,3),(31,7,3),(32,8,3),(33,9,3),(34,10,3),(35,11,3),(36,12,3),(37,1,4),(38,2,4),(39,3,4),(40,4,4),(41,5,4),(42,6,4),(43,7,4),(44,8,4),(45,9,4),(46,10,4),(47,11,4),(48,12,4),(49,1,5),(50,2,5),(51,3,5),(52,4,5),(53,5,5),(54,6,5),(55,7,5),(56,8,5),(57,9,5),(58,10,5),(59,11,5),(60,12,5),(61,1,6),(62,2,6),(63,3,6),(64,4,6),(65,5,6),(66,6,6),(67,7,6),(68,8,6),(69,9,6),(70,10,6),(71,11,6),(72,12,6),(73,1,7),(74,2,7),(75,3,7),(76,4,7),(77,5,7),(78,6,7),(79,7,7),(80,8,7),(81,9,7),(82,10,7),(83,11,7),(84,12,7),(85,1,8),(86,2,8),(87,3,8),(88,4,8),(89,5,8),(90,6,8),(91,7,8),(92,8,8),(93,9,8),(94,10,8),(95,11,8),(96,12,8),(97,1,9),(98,2,9),(99,3,9),(100,4,9),(101,5,9),(102,6,9),(103,7,9),(104,8,9),(105,9,9),(106,10,9),(107,11,9),(108,12,9),(109,1,10),(110,2,10),(111,3,10),(112,4,10),(113,5,10),(114,6,10),(115,7,10),(116,8,10),(117,9,10),(118,10,10),(119,11,10),(120,12,10),(121,1,11),(122,2,11),(123,3,11),(124,4,11),(125,5,11),(126,6,11),(127,7,11),(128,8,11),(129,9,11),(130,10,11),(131,11,11),(132,12,11),(133,1,12),(134,2,12),(135,3,12),(136,4,12),(137,5,12),(138,6,12),(139,7,12),(140,8,12),(141,9,12),(142,10,12),(143,11,12),(144,12,12),(145,1,13),(146,2,13),(147,3,13),(148,4,13),(149,5,13),(150,6,13),(151,7,13),(152,8,13),(153,9,13),(154,10,13),(155,11,13),(156,12,13),(157,1,14),(158,2,14),(159,3,14),(160,4,14),(161,5,14),(162,6,14),(163,7,14),(164,8,14),(165,9,14),(166,10,14),(167,11,14),(168,12,14),(169,1,15),(170,2,15),(171,3,15),(172,4,15),(173,5,15),(174,6,15),(175,7,15),(176,8,15),(177,9,15),(178,10,15),(179,11,15),(180,12,15),(181,1,16),(182,2,16),(183,3,16),(184,4,16),(185,5,16),(186,6,16),(187,7,16),(188,8,16),(189,9,16),(190,10,16),(191,11,16),(192,12,16),(193,1,17),(194,2,17),(195,3,17),(196,4,17),(197,5,17),(198,6,17),(199,7,17),(200,8,17),(201,9,17),(202,10,17),(203,11,17),(204,12,17),(205,1,18),(206,2,18),(207,3,18),(208,4,18),(209,5,18),(210,6,18),(211,7,18),(212,8,18),(213,9,18),(214,10,18),(215,11,18),(216,12,18);
/*!40000 ALTER TABLE `House` ENABLE KEYS */;
UNLOCK TABLES;

--
-- Table structure for table `Maintenance_Company`
--

DROP TABLE IF EXISTS `Maintenance_Company`;
/*!40101 SET @saved_cs_client     = @@character_set_client */;
/*!40101 SET character_set_client = utf8 */;
CREATE TABLE `Maintenance_Company` (
  `Company_Id` int(11) NOT NULL AUTO_INCREMENT,
  `Company_Name` varchar(100) NOT NULL,
  `Company_Office_No` varchar(20) NOT NULL,
  `Company_Email` varchar(50) NOT NULL,
  PRIMARY KEY (`Company_Id`),
  UNIQUE KEY `Company_Email` (`Company_Email`)
) ENGINE=InnoDB AUTO_INCREMENT=4 DEFAULT CHARSET=utf8mb4 COLLATE=utf8mb4_general_ci;
/*!40101 SET character_set_client = @saved_cs_client */;

--
-- Dumping data for table `Maintenance_Company`
--

LOCK TABLES `Maintenance_Company` WRITE;
/*!40000 ALTER TABLE `Maintenance_Company` DISABLE KEYS */;
INSERT INTO `Maintenance_Company` VALUES (1,'ProFix Services','0123456789','info@profixservices.com'),(2,'HandySolutions Co.','9876543210','support@handysolutions.com'),(3,'Elite Maintainers','1231231234','contact@elitemaintainers.com');
/*!40000 ALTER TABLE `Maintenance_Company` ENABLE KEYS */;
UNLOCK TABLES;

--
-- Table structure for table `Maintenance_Worker`
--

DROP TABLE IF EXISTS `Maintenance_Worker`;
/*!40101 SET @saved_cs_client     = @@character_set_client */;
/*!40101 SET character_set_client = utf8 */;
CREATE TABLE `Maintenance_Worker` (
  `Worker_Id` int(11) NOT NULL AUTO_INCREMENT,
  `Worker_No` varchar(5) NOT NULL,
  `Name` varchar(50) NOT NULL,
  `Email` varchar(50) NOT NULL,
  `Password` varchar(12) NOT NULL,
  `Phone_No` varchar(10) NOT NULL,
  `Specialization` varchar(100) NOT NULL,
  `Company_Id` int(11) NOT NULL,
  PRIMARY KEY (`Worker_Id`),
  UNIQUE KEY `Worker_No` (`Worker_No`),
  UNIQUE KEY `Email` (`Email`),
  KEY `Company_Id` (`Company_Id`),
  CONSTRAINT `Maintenance_Worker_ibfk_1` FOREIGN KEY (`Company_Id`) REFERENCES `Maintenance_Company` (`Company_Id`)
) ENGINE=InnoDB AUTO_INCREMENT=6 DEFAULT CHARSET=utf8mb4 COLLATE=utf8mb4_general_ci;
/*!40101 SET character_set_client = @saved_cs_client */;

--
-- Dumping data for table `Maintenance_Worker`
--

LOCK TABLES `Maintenance_Worker` WRITE;
/*!40000 ALTER TABLE `Maintenance_Worker` DISABLE KEYS */;
INSERT INTO `Maintenance_Worker` VALUES (1,'W001','Ali Ahmad','ali.ahmad@profixservices.com','password123','0112345678','Plumbing',1),(2,'W002','Sara Tan','sara.tan@handysolutions.com','securepass','0123456789','Electrical',2),(3,'W003','John Lim','john.lim@elitemaintainers.com','mypassword','0139876543','HVAC Systems',3),(4,'W004','Nina Yusof','nina.yusof@profixservices.com','admin1234','0198765432','Carpentry',1),(5,'W005','Peter Wong','peter.wong@handysolutions.com','workpass','0167890123','General Maintenance',2);
/*!40000 ALTER TABLE `Maintenance_Worker` ENABLE KEYS */;
UNLOCK TABLES;

--
-- Table structure for table `Room`
--

DROP TABLE IF EXISTS `Room`;
/*!40101 SET @saved_cs_client     = @@character_set_client */;
/*!40101 SET character_set_client = utf8 */;
CREATE TABLE `Room` (
  `Room_ID` int(11) NOT NULL AUTO_INCREMENT,
  `Room_No` varchar(15) NOT NULL,
  `Hostel_Block` varchar(10) NOT NULL,
  `Capacity` int(11) NOT NULL,
  `Current_Occupants` int(11) NOT NULL CHECK (`Current_Occupants` <= `Capacity`),
  `House_ID` int(11) NOT NULL,
  PRIMARY KEY (`Room_ID`),
  UNIQUE KEY `Room_No` (`Room_No`),
  KEY `House_ID` (`House_ID`),
  CONSTRAINT `Room_ibfk_1` FOREIGN KEY (`House_ID`) REFERENCES `House` (`House_ID`)
) ENGINE=InnoDB AUTO_INCREMENT=31 DEFAULT CHARSET=utf8mb4 COLLATE=utf8mb4_general_ci;
/*!40101 SET character_set_client = @saved_cs_client */;

--
-- Dumping data for table `Room`
--

LOCK TABLES `Room` WRITE;
/*!40000 ALTER TABLE `Room` DISABLE KEYS */;
INSERT INTO `Room` VALUES (1,'SQ-1-1-A','Lekiu',2,1,1),(2,'SQ-1-1-B','Lekiu',2,2,1),(3,'SQ-1-1-C','Lekiu',2,2,1),(4,'SQ-1-1-D','Lekiu',2,2,1),(5,'SQ-1-1-E','Lekiu',2,1,1),(6,'SQ-1-2-A','Lekiu',2,2,2),(7,'SQ-1-2-B','Lekiu',2,2,2),(8,'SQ-1-2-C','Lekiu',2,1,2),(9,'SQ-1-2-D','Lekiu',2,2,2),(10,'SQ-1-2-E','Lekiu',2,2,2),(11,'SQ-1-3-A','Lekiu',2,2,3),(12,'SQ-1-3-B','Lekiu',2,1,3),(13,'SQ-1-3-C','Lekiu',2,2,3),(14,'SQ-1-3-D','Lekiu',2,2,3),(15,'SQ-1-3-E','Lekiu',2,2,3);
/*!40000 ALTER TABLE `Room` ENABLE KEYS */;
UNLOCK TABLES;

--
-- Table structure for table `Student`
--

DROP TABLE IF EXISTS `Student`;
/*!40101 SET @saved_cs_client     = @@character_set_client */;
/*!40101 SET character_set_client = utf8 */;
CREATE TABLE `Student` (
  `Student_ID` int(11) NOT NULL AUTO_INCREMENT,
  `Matric_No` varchar(10) NOT NULL,
  `Name` varchar(50) NOT NULL,
  `Email` varchar(50) NOT NULL,
  `Password` varchar(12) NOT NULL,
  `Phone_No` varchar(10) NOT NULL,
  `Gender` varchar(6) NOT NULL CHECK (`Gender` in ('Male','Female')),
  `Course` varchar(100) NOT NULL,
  `Faculty` varchar(100) NOT NULL,
  `Year_Of_Study` int(11) NOT NULL CHECK (`Year_Of_Study` between 1 and 4),
  `Room_ID` int(11) NOT NULL,
  PRIMARY KEY (`Student_ID`),
  UNIQUE KEY `Matric_No` (`Matric_No`),
  UNIQUE KEY `Email` (`Email`),
  UNIQUE KEY `Phone_No` (`Phone_No`),
  KEY `Room_ID` (`Room_ID`),
  CONSTRAINT `Student_ibfk_1` FOREIGN KEY (`Room_ID`) REFERENCES `Room` (`Room_ID`)
) ENGINE=InnoDB AUTO_INCREMENT=42 DEFAULT CHARSET=utf8mb4 COLLATE=utf8mb4_general_ci;
/*!40101 SET character_set_client = @saved_cs_client */;

--
-- Dumping data for table `Student`
--

LOCK TABLES `Student` WRITE;
/*!40000 ALTER TABLE `Student` DISABLE KEYS */;
INSERT INTO `Student` VALUES (1,'B032210139','Nur Fathehah Binti Mohd Aris','B032210139@gmail.com','password','0199590828','Female','Database Management','FTMK',3,1),(2,'B032210137','Afifah Syaza Huda Binti Ahmad','B032210137@gmail.com','password','0186670909','Female','Database Management','FTMK',3,3),(3,'B032210135','Amiera Badriesya Binti Kamal','B032210135@gmail.com','password','0178863773','Female','Database Management','FTMK',3,3),(4,'B032210267','Nurin Hannah Binti Zamberi','B032210267@gmail.com','password','0162235567','Female','Database Management','FTMK',3,4),(5,'B032210166','Nur Aqila Nadzira Binti Shahlan','B032210166@gmail.com','password','0175685078','Female','Database Management','FTMK',3,4);
/*!40000 ALTER TABLE `Student` ENABLE KEYS */;
UNLOCK TABLES;
/*!40103 SET TIME_ZONE=@OLD_TIME_ZONE */;

/*!40101 SET SQL_MODE=@OLD_SQL_MODE */;
/*!40014 SET FOREIGN_KEY_CHECKS=@OLD_FOREIGN_KEY_CHECKS */;
/*!40014 SET UNIQUE_CHECKS=@OLD_UNIQUE_CHECKS */;
/*!40101 SET CHARACTER_SET_CLIENT=@OLD_CHARACTER_SET_CLIENT */;
/*!40101 SET CHARACTER_SET_RESULTS=@OLD_CHARACTER_SET_RESULTS */;
/*!40101 SET COLLATION_CONNECTION=@OLD_COLLATION_CONNECTION */;
/*!40111 SET SQL_NOTES=@OLD_SQL_NOTES */;

-- Dump completed on 2025-01-20  3:53:58
